37782 openat(AT_FDCWD, "/home/lukeli/Projects/REMON/compute_node/build-release/glibc-hwcaps/x86-64-v3/libremon.so", O_RDONLY|O_CLOEXEC) = -1 ENOENT (No such file or directory)
37782 openat(AT_FDCWD, "/home/lukeli/Projects/REMON/compute_node/build-release/glibc-hwcaps/x86-64-v2/libremon.so", O_RDONLY|O_CLOEXEC) = -1 ENOENT (No such file or directory)
37782 openat(AT_FDCWD, "/home/lukeli/Projects/REMON/compute_node/build-release/tls/haswell/x86_64/libremon.so", O_RDONLY|O_CLOEXEC) = -1 ENOENT (No such file or directory)
37782 openat(AT_FDCWD, "/home/lukeli/Projects/REMON/compute_node/build-release/tls/haswell/libremon.so", O_RDONLY|O_CLOEXEC) = -1 ENOENT (No such file or directory)
37782 openat(AT_FDCWD, "/home/lukeli/Projects/REMON/compute_node/build-release/tls/x86_64/libremon.so", O_RDONLY|O_CLOEXEC) = -1 ENOENT (No such file or directory)
37782 openat(AT_FDCWD, "/home/lukeli/Projects/REMON/compute_node/build-release/tls/libremon.so", O_RDONLY|O_CLOEXEC) = -1 ENOENT (No such file or directory)
37782 openat(AT_FDCWD, "/home/lukeli/Projects/REMON/compute_node/build-release/haswell/x86_64/libremon.so", O_RDONLY|O_CLOEXEC) = -1 ENOENT (No such file or directory)
37782 openat(AT_FDCWD, "/home/lukeli/Projects/REMON/compute_node/build-release/haswell/libremon.so", O_RDONLY|O_CLOEXEC) = -1 ENOENT (No such file or directory)
37782 openat(AT_FDCWD, "/home/lukeli/Projects/REMON/compute_node/build-release/x86_64/libremon.so", O_RDONLY|O_CLOEXEC) = -1 ENOENT (No such file or directory)
37782 openat(AT_FDCWD, "/home/lukeli/Projects/REMON/compute_node/build-release/libremon.so", O_RDONLY|O_CLOEXEC) = 3
37782 close(3)                          = 0
37782 openat(AT_FDCWD, "/home/lukeli/Projects/REMON/compute_node/build-release/libstdc++.so.6", O_RDONLY|O_CLOEXEC) = -1 ENOENT (No such file or directory)
37782 openat(AT_FDCWD, "/etc/ld.so.cache", O_RDONLY|O_CLOEXEC) = 3
37782 close(3)                          = 0
37782 openat(AT_FDCWD, "/lib/x86_64-linux-gnu/libstdc++.so.6", O_RDONLY|O_CLOEXEC) = 3
37782 close(3)                          = 0
37782 openat(AT_FDCWD, "/home/lukeli/Projects/REMON/compute_node/build-release/libgcc_s.so.1", O_RDONLY|O_CLOEXEC) = -1 ENOENT (No such file or directory)
37782 openat(AT_FDCWD, "/lib/x86_64-linux-gnu/libgcc_s.so.1", O_RDONLY|O_CLOEXEC) = 3
37782 close(3)                          = 0
37782 openat(AT_FDCWD, "/home/lukeli/Projects/REMON/compute_node/build-release/libc.so.6", O_RDONLY|O_CLOEXEC) = -1 ENOENT (No such file or directory)
37782 openat(AT_FDCWD, "/lib/x86_64-linux-gnu/libc.so.6", O_RDONLY|O_CLOEXEC) = 3
37782 close(3)                          = 0
37782 openat(AT_FDCWD, "/lib/x86_64-linux-gnu/libm.so.6", O_RDONLY|O_CLOEXEC) = 3
37782 close(3)                          = 0
37782 openat(AT_FDCWD, "./remon.log", O_WRONLY|O_CREAT|O_APPEND, 0666) = 3
37782 close(3)                          = 0
37782 openat(AT_FDCWD, "/home/lukeli/Projects/REMON/remon.config", O_RDONLY) = 3
37782 openat(AT_FDCWD, "/sys/devices/system/cpu/online", O_RDONLY|O_CLOEXEC) = 4
37782 close(4)                          = 0
37782 openat(AT_FDCWD, "./remon.log", O_WRONLY|O_CREAT|O_APPEND, 0666) = 4
37782 close(4)                          = 0
37782 openat(AT_FDCWD, "./remon.log", O_WRONLY|O_CREAT|O_APPEND, 0666) = 4
37782 close(4)                          = 0
37782 openat(AT_FDCWD, "./remon.log", O_WRONLY|O_CREAT|O_APPEND, 0666) = 4
37782 close(4)                          = 0
37782 openat(AT_FDCWD, "./remon.log", O_WRONLY|O_CREAT|O_APPEND, 0666) = 4
37782 close(4)                          = 0
37782 openat(AT_FDCWD, "./remon.log", O_WRONLY|O_CREAT|O_APPEND, 0666) = 4
37782 close(4)                          = 0
37782 openat(AT_FDCWD, "./remon.log", O_WRONLY|O_CREAT|O_APPEND, 0666) = 4
37782 close(4)                          = 0
37782 close(3)                          = 0
37782 openat(AT_FDCWD, "./remon.log", O_WRONLY|O_CREAT|O_APPEND, 0666) = 3
37782 close(3)                          = 0
37782 openat(AT_FDCWD, "./remon.log", O_WRONLY|O_CREAT|O_APPEND, 0666) = 3
37782 close(3)                          = 0
37782 openat(AT_FDCWD, "./remon.log", O_WRONLY|O_CREAT|O_APPEND, 0666) = 3
37782 close(3)                          = 0
37782 openat(AT_FDCWD, "./remon.log", O_WRONLY|O_CREAT|O_APPEND, 0666) = 3
37782 close(3)                          = 0
37782 openat(AT_FDCWD, "./remon.log", O_WRONLY|O_CREAT|O_APPEND, 0666) = 3
37782 close(3)                          = 0
37782 openat(AT_FDCWD, "./remon.log", O_WRONLY|O_CREAT|O_APPEND, 0666) = 3
37782 close(3)                          = 0
37782 openat(AT_FDCWD, "./remon.log", O_WRONLY|O_CREAT|O_APPEND, 0666) = 3
37782 close(3)                          = 0
37782 openat(AT_FDCWD, "./remon.log", O_WRONLY|O_CREAT|O_APPEND, 0666) = 3
37782 close(3)                          = 0
37782 openat(AT_FDCWD, "./remon.log", O_WRONLY|O_CREAT|O_APPEND, 0666) = 3
37782 close(3)                          = 0
37782 openat(AT_FDCWD, "/sys/devices/system/cpu/online", O_RDONLY|O_CLOEXEC) = 3
37782 close(3)                          = 0
37783 openat(AT_FDCWD, "./remon.log", O_WRONLY|O_CREAT|O_APPEND, 0666) = 3
37783 close(3)                          = 0
37783 openat(AT_FDCWD, "/proc/self/statm", O_RDONLY) = 3
37783 close(3)                          = 0
37782 socket(AF_INET, SOCK_STREAM, IPPROTO_IP) = 3
37782 socket(AF_INET, SOCK_STREAM, IPPROTO_IP) = 4
37782 openat(AT_FDCWD, "./remon.log", O_WRONLY|O_CREAT|O_APPEND, 0666) = 5
37782 close(5)                          = 0
37782 openat(AT_FDCWD, "./remon.log", O_WRONLY|O_CREAT|O_APPEND, 0666) = 5
37782 close(5)                          = 0
37782 openat(AT_FDCWD, "./remon.log", O_WRONLY|O_CREAT|O_APPEND, 0666) = 5
37782 close(5)                          = 0
37782 openat(AT_FDCWD, "./remon.log", O_WRONLY|O_CREAT|O_APPEND, 0666) = 5
37782 close(5)                          = 0
37793 openat(AT_FDCWD, "./remon.log", O_WRONLY|O_CREAT|O_APPEND, 0666) = 6
37793 close(6)                          = 0
37793 openat(AT_FDCWD, "./remon.log", O_WRONLY|O_CREAT|O_APPEND, 0666) = 7
37793 close(7)                          = 0
37782 openat(AT_FDCWD, "./remon.log", O_WRONLY|O_CREAT|O_APPEND, 0666) = 7
37782 close(7)                          = 0
37793 openat(AT_FDCWD, "./remon.log", O_WRONLY|O_CREAT|O_APPEND, 0666) = 7
37793 close(7)                          = 0
37782 openat(AT_FDCWD, "./remon.log", O_WRONLY|O_CREAT|O_APPEND, 0666) = 7
37782 close(7)                          = 0
37793 openat(AT_FDCWD, "./remon.log", O_WRONLY|O_CREAT|O_APPEND, 0666) = 7
37793 close(7)                          = 0
37782 openat(AT_FDCWD, "./remon.log", O_WRONLY|O_CREAT|O_APPEND, 0666) = 7
37782 close(7)                          = 0
37793 openat(AT_FDCWD, "./remon.log", O_WRONLY|O_CREAT|O_APPEND, 0666) = 7
37793 close(7)                          = 0
37782 openat(AT_FDCWD, "./remon.log", O_WRONLY|O_CREAT|O_APPEND, 0666) = 7
37782 close(7)                          = 0
37793 openat(AT_FDCWD, "./remon.log", O_WRONLY|O_CREAT|O_APPEND, 0666) = 7
37793 close(7)                          = 0
37782 openat(AT_FDCWD, "./remon.log", O_WRONLY|O_CREAT|O_APPEND, 0666) = 7
37782 close(7)                          = 0
37793 openat(AT_FDCWD, "./remon.log", O_WRONLY|O_CREAT|O_APPEND, 0666) = 7
37793 close(7)                          = 0
37782 openat(AT_FDCWD, "./remon.log", O_WRONLY|O_CREAT|O_APPEND, 0666) = 7
37782 close(7)                          = 0
37793 openat(AT_FDCWD, "./remon.log", O_WRONLY|O_CREAT|O_APPEND, 0666) = 7
37793 close(7)                          = 0
37782 openat(AT_FDCWD, "./remon.log", O_WRONLY|O_CREAT|O_APPEND, 0666) = 7
37782 close(7)                          = 0
37793 openat(AT_FDCWD, "./remon.log", O_WRONLY|O_CREAT|O_APPEND, 0666) = 7
37793 close(7)                          = 0
37782 openat(AT_FDCWD, "./remon.log", O_WRONLY|O_CREAT|O_APPEND, 0666) = 7
37782 close(7)                          = 0
37793 openat(AT_FDCWD, "./remon.log", O_WRONLY|O_CREAT|O_APPEND, 0666) = 7
37793 close(7)                          = 0
37782 openat(AT_FDCWD, "./remon.log", O_WRONLY|O_CREAT|O_APPEND, 0666) = 7
37782 close(7)                          = 0
37793 openat(AT_FDCWD, "./remon.log", O_WRONLY|O_CREAT|O_APPEND, 0666) = 7
37793 close(7)                          = 0
37782 openat(AT_FDCWD, "./remon.log", O_WRONLY|O_CREAT|O_APPEND, 0666) = 7
37782 close(7)                          = 0
37793 openat(AT_FDCWD, "./remon.log", O_WRONLY|O_CREAT|O_APPEND, 0666) = 7
37793 close(7)                          = 0
37782 openat(AT_FDCWD, "./remon.log", O_WRONLY|O_CREAT|O_APPEND, 0666) = 7
37782 close(7)                          = 0
37793 openat(AT_FDCWD, "./remon.log", O_WRONLY|O_CREAT|O_APPEND, 0666) = 7
37793 close(7)                          = 0
37782 openat(AT_FDCWD, "./remon.log", O_WRONLY|O_CREAT|O_APPEND, 0666) = 7
37782 close(7)                          = 0
37793 openat(AT_FDCWD, "./remon.log", O_WRONLY|O_CREAT|O_APPEND, 0666) = 7
37793 close(7)                          = 0
37782 openat(AT_FDCWD, "./remon.log", O_WRONLY|O_CREAT|O_APPEND, 0666) = 7
37782 close(7)                          = 0
37793 openat(AT_FDCWD, "./remon.log", O_WRONLY|O_CREAT|O_APPEND, 0666) = 7
37793 close(7)                          = 0
37782 openat(AT_FDCWD, "./remon.log", O_WRONLY|O_CREAT|O_APPEND, 0666) = 7
37782 close(7)                          = 0
37793 openat(AT_FDCWD, "./remon.log", O_WRONLY|O_CREAT|O_APPEND, 0666) = 7
37793 close(7)                          = 0
37782 openat(AT_FDCWD, "./remon.log", O_WRONLY|O_CREAT|O_APPEND, 0666) = 7
37782 close(7)                          = 0
37793 openat(AT_FDCWD, "./remon.log", O_WRONLY|O_CREAT|O_APPEND, 0666) = 7
37793 close(7)                          = 0
37782 openat(AT_FDCWD, "./remon.log", O_WRONLY|O_CREAT|O_APPEND, 0666) = 7
37782 close(7)                          = 0
37793 openat(AT_FDCWD, "./remon.log", O_WRONLY|O_CREAT|O_APPEND, 0666) = 7
37793 close(7)                          = 0
37782 openat(AT_FDCWD, "./remon.log", O_WRONLY|O_CREAT|O_APPEND, 0666) = 7
37782 close(7)                          = 0
37793 openat(AT_FDCWD, "./remon.log", O_WRONLY|O_CREAT|O_APPEND, 0666) = 7
37793 close(7)                          = 0
37782 openat(AT_FDCWD, "./remon.log", O_WRONLY|O_CREAT|O_APPEND, 0666) = 7
37782 close(7)                          = 0
37793 openat(AT_FDCWD, "./remon.log", O_WRONLY|O_CREAT|O_APPEND, 0666) = 7
37793 close(7)                          = 0
37782 openat(AT_FDCWD, "./remon.log", O_WRONLY|O_CREAT|O_APPEND, 0666) = 7
37782 close(7)                          = 0
37793 openat(AT_FDCWD, "./remon.log", O_WRONLY|O_CREAT|O_APPEND, 0666) = 7
37793 close(7)                          = 0
37782 openat(AT_FDCWD, "./remon.log", O_WRONLY|O_CREAT|O_APPEND, 0666) = 7
37782 close(7)                          = 0
37793 openat(AT_FDCWD, "./remon.log", O_WRONLY|O_CREAT|O_APPEND, 0666) = 7
37793 close(7)                          = 0
37782 openat(AT_FDCWD, "./remon.log", O_WRONLY|O_CREAT|O_APPEND, 0666) = 7
37782 close(7)                          = 0
37793 openat(AT_FDCWD, "./remon.log", O_WRONLY|O_CREAT|O_APPEND, 0666) = 7
37793 close(7)                          = 0
37782 openat(AT_FDCWD, "./remon.log", O_WRONLY|O_CREAT|O_APPEND, 0666) = 7
37782 close(7)                          = 0
37793 openat(AT_FDCWD, "./remon.log", O_WRONLY|O_CREAT|O_APPEND, 0666) = 7
37793 close(7)                          = 0
37782 openat(AT_FDCWD, "./remon.log", O_WRONLY|O_CREAT|O_APPEND, 0666) = 7
37782 close(7)                          = 0
37793 openat(AT_FDCWD, "./remon.log", O_WRONLY|O_CREAT|O_APPEND, 0666) = 7
37793 close(7)                          = 0
37782 openat(AT_FDCWD, "./remon.log", O_WRONLY|O_CREAT|O_APPEND, 0666) = 7
37782 close(7)                          = 0
37793 openat(AT_FDCWD, "./remon.log", O_WRONLY|O_CREAT|O_APPEND, 0666) = 7
37793 close(7)                          = 0
37782 openat(AT_FDCWD, "./remon.log", O_WRONLY|O_CREAT|O_APPEND, 0666) = 7
37782 close(7)                          = 0
37793 openat(AT_FDCWD, "./remon.log", O_WRONLY|O_CREAT|O_APPEND, 0666) = 7
37793 close(7)                          = 0
37782 openat(AT_FDCWD, "./remon.log", O_WRONLY|O_CREAT|O_APPEND, 0666) = 7
37782 close(7)                          = 0
37793 openat(AT_FDCWD, "./remon.log", O_WRONLY|O_CREAT|O_APPEND, 0666) = 7
37793 close(7)                          = 0
37782 openat(AT_FDCWD, "./remon.log", O_WRONLY|O_CREAT|O_APPEND, 0666) = 7
37782 close(7)                          = 0
37793 openat(AT_FDCWD, "./remon.log", O_WRONLY|O_CREAT|O_APPEND, 0666) = 7
37793 close(7)                          = 0
37782 openat(AT_FDCWD, "./remon.log", O_WRONLY|O_CREAT|O_APPEND, 0666) = 7
37782 close(7)                          = 0
37793 openat(AT_FDCWD, "./remon.log", O_WRONLY|O_CREAT|O_APPEND, 0666) = 7
37793 close(7)                          = 0
37782 openat(AT_FDCWD, "./remon.log", O_WRONLY|O_CREAT|O_APPEND, 0666) = 7
37782 close(7)                          = 0
37793 openat(AT_FDCWD, "./remon.log", O_WRONLY|O_CREAT|O_APPEND, 0666) = 7
37793 close(7)                          = 0
37782 openat(AT_FDCWD, "./remon.log", O_WRONLY|O_CREAT|O_APPEND, 0666) = 7
37782 close(7)                          = 0
37793 openat(AT_FDCWD, "./remon.log", O_WRONLY|O_CREAT|O_APPEND, 0666) = 7
37793 close(7)                          = 0
37782 openat(AT_FDCWD, "./remon.log", O_WRONLY|O_CREAT|O_APPEND, 0666) = 7
37782 close(7)                          = 0
37793 openat(AT_FDCWD, "./remon.log", O_WRONLY|O_CREAT|O_APPEND, 0666) = 7
37793 close(7)                          = 0
37782 openat(AT_FDCWD, "./remon.log", O_WRONLY|O_CREAT|O_APPEND, 0666) = 7
37782 close(7)                          = 0
37793 openat(AT_FDCWD, "./remon.log", O_WRONLY|O_CREAT|O_APPEND, 0666) = 7
37793 close(7)                          = 0
37782 openat(AT_FDCWD, "./remon.log", O_WRONLY|O_CREAT|O_APPEND, 0666) = 7
37782 close(7)                          = 0
37793 openat(AT_FDCWD, "./remon.log", O_WRONLY|O_CREAT|O_APPEND, 0666) = 7
37783 openat(AT_FDCWD, "/proc/self/statm", O_RDONLY) = 41
37793 close(7)                          = 0
37783 close(41)                         = 0
37782 openat(AT_FDCWD, "./remon.log", O_WRONLY|O_CREAT|O_APPEND, 0666) = 7
37782 close(7)                          = 0
37793 openat(AT_FDCWD, "./remon.log", O_WRONLY|O_CREAT|O_APPEND, 0666) = 7
37793 close(7)                          = 0
37782 openat(AT_FDCWD, "./remon.log", O_WRONLY|O_CREAT|O_APPEND, 0666) = 7
37782 close(7)                          = 0
37793 openat(AT_FDCWD, "./remon.log", O_WRONLY|O_CREAT|O_APPEND, 0666) = 7
37793 close(7)                          = 0
37782 openat(AT_FDCWD, "./remon.log", O_WRONLY|O_CREAT|O_APPEND, 0666) = 7
37782 close(7)                          = 0
37793 openat(AT_FDCWD, "./remon.log", O_WRONLY|O_CREAT|O_APPEND, 0666) = 7
37793 close(7)                          = 0
37782 openat(AT_FDCWD, "./remon.log", O_WRONLY|O_CREAT|O_APPEND, 0666) = 7
37782 close(7)                          = 0
37793 openat(AT_FDCWD, "./remon.log", O_WRONLY|O_CREAT|O_APPEND, 0666) = 7
37793 close(7)                          = 0
37782 openat(AT_FDCWD, "./remon.log", O_WRONLY|O_CREAT|O_APPEND, 0666) = 7
37782 close(7)                          = 0
37793 openat(AT_FDCWD, "./remon.log", O_WRONLY|O_CREAT|O_APPEND, 0666) = 7
37793 close(7)                          = 0
37782 openat(AT_FDCWD, "./remon.log", O_WRONLY|O_CREAT|O_APPEND, 0666) = 7
37782 close(7)                          = 0
37793 openat(AT_FDCWD, "./remon.log", O_WRONLY|O_CREAT|O_APPEND, 0666) = 7
37793 close(7)                          = 0
37782 openat(AT_FDCWD, "./remon.log", O_WRONLY|O_CREAT|O_APPEND, 0666) = 7
37782 close(7)                          = 0
37793 openat(AT_FDCWD, "./remon.log", O_WRONLY|O_CREAT|O_APPEND, 0666) = 7
37793 close(7)                          = 0
37782 openat(AT_FDCWD, "./remon.log", O_WRONLY|O_CREAT|O_APPEND, 0666) = 7
37782 close(7)                          = 0
37793 openat(AT_FDCWD, "./remon.log", O_WRONLY|O_CREAT|O_APPEND, 0666) = 7
37793 close(7)                          = 0
37782 openat(AT_FDCWD, "./remon.log", O_WRONLY|O_CREAT|O_APPEND, 0666) = 7
37782 close(7)                          = 0
37793 openat(AT_FDCWD, "./remon.log", O_WRONLY|O_CREAT|O_APPEND, 0666) = 7
37793 close(7)                          = 0
37782 openat(AT_FDCWD, "./remon.log", O_WRONLY|O_CREAT|O_APPEND, 0666) = 7
37782 close(7)                          = 0
37793 openat(AT_FDCWD, "./remon.log", O_WRONLY|O_CREAT|O_APPEND, 0666) = 7
37793 close(7)                          = 0
37782 openat(AT_FDCWD, "./remon.log", O_WRONLY|O_CREAT|O_APPEND, 0666) = 7
37782 close(7)                          = 0
37793 openat(AT_FDCWD, "./remon.log", O_WRONLY|O_CREAT|O_APPEND, 0666) = 7
37793 close(7)                          = 0
37782 openat(AT_FDCWD, "./remon.log", O_WRONLY|O_CREAT|O_APPEND, 0666) = 7
37782 close(7)                          = 0
37793 openat(AT_FDCWD, "./remon.log", O_WRONLY|O_CREAT|O_APPEND, 0666) = 7
37793 close(7)                          = 0
37782 openat(AT_FDCWD, "./remon.log", O_WRONLY|O_CREAT|O_APPEND, 0666) = 7
37782 close(7)                          = 0
37793 openat(AT_FDCWD, "./remon.log", O_WRONLY|O_CREAT|O_APPEND, 0666) = 7
37793 close(7)                          = 0
37782 openat(AT_FDCWD, "./remon.log", O_WRONLY|O_CREAT|O_APPEND, 0666) = 7
37782 close(7)                          = 0
37793 openat(AT_FDCWD, "./remon.log", O_WRONLY|O_CREAT|O_APPEND, 0666) = 7
37793 close(7)                          = 0
37782 openat(AT_FDCWD, "./remon.log", O_WRONLY|O_CREAT|O_APPEND, 0666) = 7
37782 close(7)                          = 0
37793 openat(AT_FDCWD, "./remon.log", O_WRONLY|O_CREAT|O_APPEND, 0666) = 7
37793 close(7)                          = 0
37782 openat(AT_FDCWD, "./remon.log", O_WRONLY|O_CREAT|O_APPEND, 0666) = 7
37782 close(7)                          = 0
37793 openat(AT_FDCWD, "./remon.log", O_WRONLY|O_CREAT|O_APPEND, 0666) = 7
37793 close(7)                          = 0
37782 openat(AT_FDCWD, "./remon.log", O_WRONLY|O_CREAT|O_APPEND, 0666) = 7
37782 close(7)                          = 0
37793 openat(AT_FDCWD, "./remon.log", O_WRONLY|O_CREAT|O_APPEND, 0666) = 7
37793 close(7)                          = 0
37782 openat(AT_FDCWD, "./remon.log", O_WRONLY|O_CREAT|O_APPEND, 0666) = 7
37782 close(7)                          = 0
37793 openat(AT_FDCWD, "./remon.log", O_WRONLY|O_CREAT|O_APPEND, 0666) = 7
37793 close(7)                          = 0
37782 openat(AT_FDCWD, "./remon.log", O_WRONLY|O_CREAT|O_APPEND, 0666) = 7
37782 close(7)                          = 0
37793 openat(AT_FDCWD, "./remon.log", O_WRONLY|O_CREAT|O_APPEND, 0666) = 7
37793 close(7)                          = 0
37782 openat(AT_FDCWD, "./remon.log", O_WRONLY|O_CREAT|O_APPEND, 0666) = 7
37782 close(7)                          = 0
37793 openat(AT_FDCWD, "./remon.log", O_WRONLY|O_CREAT|O_APPEND, 0666) = 7
37793 close(7)                          = 0
37782 openat(AT_FDCWD, "./remon.log", O_WRONLY|O_CREAT|O_APPEND, 0666) = 7
37782 close(7)                          = 0
37793 openat(AT_FDCWD, "./remon.log", O_WRONLY|O_CREAT|O_APPEND, 0666) = 7
37793 close(7)                          = 0
37782 openat(AT_FDCWD, "./remon.log", O_WRONLY|O_CREAT|O_APPEND, 0666) = 7
37782 close(7)                          = 0
37793 openat(AT_FDCWD, "./remon.log", O_WRONLY|O_CREAT|O_APPEND, 0666) = 7
37793 close(7)                          = 0
37782 openat(AT_FDCWD, "./remon.log", O_WRONLY|O_CREAT|O_APPEND, 0666) = 7
37782 close(7)                          = 0
37793 openat(AT_FDCWD, "./remon.log", O_WRONLY|O_CREAT|O_APPEND, 0666) = 7
37793 close(7)                          = 0
37782 openat(AT_FDCWD, "./remon.log", O_WRONLY|O_CREAT|O_APPEND, 0666) = 7
37782 close(7)                          = 0
37782 openat(AT_FDCWD, "./remon.log", O_WRONLY|O_CREAT|O_APPEND, 0666) = 7
37782 close(7)                          = 0
37783 openat(AT_FDCWD, "/proc/self/statm", O_RDONLY) = 7
37783 close(7)                          = 0
37793 openat(AT_FDCWD, "./remon.log", O_WRONLY|O_CREAT|O_APPEND, 0666) = 64
37793 close(64)                         = 0
37793 openat(AT_FDCWD, "./remon.log", O_WRONLY|O_CREAT|O_APPEND, 0666) = 65
37793 close(65)                         = 0
37782 openat(AT_FDCWD, "./remon.log", O_WRONLY|O_CREAT|O_APPEND, 0666) = 65
37782 close(65)                         = 0
37793 openat(AT_FDCWD, "./remon.log", O_WRONLY|O_CREAT|O_APPEND, 0666) = 65
37793 close(65)                         = 0
37782 openat(AT_FDCWD, "./remon.log", O_WRONLY|O_CREAT|O_APPEND, 0666) = 65
37782 close(65)                         = 0
37793 openat(AT_FDCWD, "./remon.log", O_WRONLY|O_CREAT|O_APPEND, 0666) = 65
37793 close(65)                         = 0
37782 openat(AT_FDCWD, "./remon.log", O_WRONLY|O_CREAT|O_APPEND, 0666) = 65
37782 close(65)                         = 0
37793 openat(AT_FDCWD, "./remon.log", O_WRONLY|O_CREAT|O_APPEND, 0666) = 65
37793 close(65)                         = 0
37782 openat(AT_FDCWD, "./remon.log", O_WRONLY|O_CREAT|O_APPEND, 0666) = 65
37782 close(65)                         = 0
37793 openat(AT_FDCWD, "./remon.log", O_WRONLY|O_CREAT|O_APPEND, 0666) = 65
37793 close(65)                         = 0
37782 openat(AT_FDCWD, "./remon.log", O_WRONLY|O_CREAT|O_APPEND, 0666) = 65
37782 close(65)                         = 0
37793 openat(AT_FDCWD, "./remon.log", O_WRONLY|O_CREAT|O_APPEND, 0666) = 65
37793 close(65)                         = 0
37782 openat(AT_FDCWD, "./remon.log", O_WRONLY|O_CREAT|O_APPEND, 0666) = 65
37782 close(65)                         = 0
37793 openat(AT_FDCWD, "./remon.log", O_WRONLY|O_CREAT|O_APPEND, 0666) = 65
37793 close(65)                         = 0
37782 openat(AT_FDCWD, "./remon.log", O_WRONLY|O_CREAT|O_APPEND, 0666) = 65
37782 close(65)                         = 0
37793 openat(AT_FDCWD, "./remon.log", O_WRONLY|O_CREAT|O_APPEND, 0666) = 65
37793 close(65)                         = 0
37782 openat(AT_FDCWD, "./remon.log", O_WRONLY|O_CREAT|O_APPEND, 0666) = 65
37782 close(65)                         = 0
37793 openat(AT_FDCWD, "./remon.log", O_WRONLY|O_CREAT|O_APPEND, 0666) = 65
37793 close(65)                         = 0
37782 openat(AT_FDCWD, "./remon.log", O_WRONLY|O_CREAT|O_APPEND, 0666) = 65
37782 close(65)                         = 0
37793 openat(AT_FDCWD, "./remon.log", O_WRONLY|O_CREAT|O_APPEND, 0666) = 65
37793 close(65)                         = 0
37782 openat(AT_FDCWD, "./remon.log", O_WRONLY|O_CREAT|O_APPEND, 0666) = 65
37782 close(65)                         = 0
37793 openat(AT_FDCWD, "./remon.log", O_WRONLY|O_CREAT|O_APPEND, 0666) = 65
37793 close(65)                         = 0
37782 openat(AT_FDCWD, "./remon.log", O_WRONLY|O_CREAT|O_APPEND, 0666) = 65
37782 close(65)                         = 0
37793 openat(AT_FDCWD, "./remon.log", O_WRONLY|O_CREAT|O_APPEND, 0666) = 65
37793 close(65)                         = 0
37782 openat(AT_FDCWD, "./remon.log", O_WRONLY|O_CREAT|O_APPEND, 0666) = 65
37782 close(65)                         = 0
37793 openat(AT_FDCWD, "./remon.log", O_WRONLY|O_CREAT|O_APPEND, 0666) = 65
37793 close(65)                         = 0
37782 openat(AT_FDCWD, "./remon.log", O_WRONLY|O_CREAT|O_APPEND, 0666) = 65
37782 close(65)                         = 0
37793 openat(AT_FDCWD, "./remon.log", O_WRONLY|O_CREAT|O_APPEND, 0666) = 65
37793 close(65)                         = 0
37782 openat(AT_FDCWD, "./remon.log", O_WRONLY|O_CREAT|O_APPEND, 0666) = 65
37782 close(65)                         = 0
37793 openat(AT_FDCWD, "./remon.log", O_WRONLY|O_CREAT|O_APPEND, 0666) = 65
37793 close(65)                         = 0
37782 openat(AT_FDCWD, "./remon.log", O_WRONLY|O_CREAT|O_APPEND, 0666) = 65
37782 close(65)                         = 0
37793 openat(AT_FDCWD, "./remon.log", O_WRONLY|O_CREAT|O_APPEND, 0666) = 65
37793 close(65)                         = 0
37782 openat(AT_FDCWD, "./remon.log", O_WRONLY|O_CREAT|O_APPEND, 0666) = 65
37782 close(65)                         = 0
37793 openat(AT_FDCWD, "./remon.log", O_WRONLY|O_CREAT|O_APPEND, 0666) = 65
37793 close(65)                         = 0
37782 openat(AT_FDCWD, "./remon.log", O_WRONLY|O_CREAT|O_APPEND, 0666) = 65
37782 close(65)                         = 0
37793 openat(AT_FDCWD, "./remon.log", O_WRONLY|O_CREAT|O_APPEND, 0666) = 65
37793 close(65)                         = 0
37782 openat(AT_FDCWD, "./remon.log", O_WRONLY|O_CREAT|O_APPEND, 0666) = 65
37782 close(65)                         = 0
37793 openat(AT_FDCWD, "./remon.log", O_WRONLY|O_CREAT|O_APPEND, 0666) = 65
37793 close(65)                         = 0
37782 openat(AT_FDCWD, "./remon.log", O_WRONLY|O_CREAT|O_APPEND, 0666) = 65
37782 close(65)                         = 0
37793 openat(AT_FDCWD, "./remon.log", O_WRONLY|O_CREAT|O_APPEND, 0666) = 65
37793 close(65)                         = 0
37782 openat(AT_FDCWD, "./remon.log", O_WRONLY|O_CREAT|O_APPEND, 0666) = 65
37782 close(65)                         = 0
37793 openat(AT_FDCWD, "./remon.log", O_WRONLY|O_CREAT|O_APPEND, 0666) = 65
37793 close(65)                         = 0
37782 openat(AT_FDCWD, "./remon.log", O_WRONLY|O_CREAT|O_APPEND, 0666) = 65
37782 close(65)                         = 0
37793 openat(AT_FDCWD, "./remon.log", O_WRONLY|O_CREAT|O_APPEND, 0666) = 65
37793 close(65)                         = 0
37782 openat(AT_FDCWD, "./remon.log", O_WRONLY|O_CREAT|O_APPEND, 0666) = 65
37782 close(65)                         = 0
37793 openat(AT_FDCWD, "./remon.log", O_WRONLY|O_CREAT|O_APPEND, 0666) = 65
37793 close(65)                         = 0
37782 openat(AT_FDCWD, "./remon.log", O_WRONLY|O_CREAT|O_APPEND, 0666) = 65
37782 close(65)                         = 0
37793 openat(AT_FDCWD, "./remon.log", O_WRONLY|O_CREAT|O_APPEND, 0666) = 65
37793 close(65)                         = 0
37782 openat(AT_FDCWD, "./remon.log", O_WRONLY|O_CREAT|O_APPEND, 0666) = 65
37782 close(65)                         = 0
37793 openat(AT_FDCWD, "./remon.log", O_WRONLY|O_CREAT|O_APPEND, 0666) = 65
37793 close(65)                         = 0
37782 openat(AT_FDCWD, "./remon.log", O_WRONLY|O_CREAT|O_APPEND, 0666) = 65
37782 close(65)                         = 0
37793 openat(AT_FDCWD, "./remon.log", O_WRONLY|O_CREAT|O_APPEND, 0666) = 65
37793 close(65)                         = 0
37782 openat(AT_FDCWD, "./remon.log", O_WRONLY|O_CREAT|O_APPEND, 0666) = 65
37782 close(65)                         = 0
37793 openat(AT_FDCWD, "./remon.log", O_WRONLY|O_CREAT|O_APPEND, 0666) = 65
37793 close(65)                         = 0
37782 openat(AT_FDCWD, "./remon.log", O_WRONLY|O_CREAT|O_APPEND, 0666) = 65
37782 close(65)                         = 0
37793 openat(AT_FDCWD, "./remon.log", O_WRONLY|O_CREAT|O_APPEND, 0666) = 65
37793 close(65)                         = 0
37782 openat(AT_FDCWD, "./remon.log", O_WRONLY|O_CREAT|O_APPEND, 0666) = 65
37782 close(65)                         = 0
37793 openat(AT_FDCWD, "./remon.log", O_WRONLY|O_CREAT|O_APPEND, 0666) = 65
37793 close(65)                         = 0
37782 openat(AT_FDCWD, "./remon.log", O_WRONLY|O_CREAT|O_APPEND, 0666) = 65
37782 close(65)                         = 0
37793 openat(AT_FDCWD, "./remon.log", O_WRONLY|O_CREAT|O_APPEND, 0666) = 65
37793 close(65)                         = 0
37782 openat(AT_FDCWD, "./remon.log", O_WRONLY|O_CREAT|O_APPEND, 0666) = 65
37782 close(65)                         = 0
37793 openat(AT_FDCWD, "./remon.log", O_WRONLY|O_CREAT|O_APPEND, 0666) = 65
37793 close(65)                         = 0
37782 openat(AT_FDCWD, "./remon.log", O_WRONLY|O_CREAT|O_APPEND, 0666) = 65
37782 close(65)                         = 0
37793 openat(AT_FDCWD, "./remon.log", O_WRONLY|O_CREAT|O_APPEND, 0666) = 65
37793 close(65)                         = 0
37782 openat(AT_FDCWD, "./remon.log", O_WRONLY|O_CREAT|O_APPEND, 0666) = 65
37782 close(65)                         = 0
37793 openat(AT_FDCWD, "./remon.log", O_WRONLY|O_CREAT|O_APPEND, 0666) = 65
37793 close(65)                         = 0
37782 openat(AT_FDCWD, "./remon.log", O_WRONLY|O_CREAT|O_APPEND, 0666) = 65
37782 close(65)                         = 0
37793 openat(AT_FDCWD, "./remon.log", O_WRONLY|O_CREAT|O_APPEND, 0666) = 65
37783 openat(AT_FDCWD, "/proc/self/statm", O_RDONLY) = 99
37793 close(65)                         = 0
37783 close(99)                         = 0
37782 openat(AT_FDCWD, "./remon.log", O_WRONLY|O_CREAT|O_APPEND, 0666) = 65
37782 close(65)                         = 0
37793 openat(AT_FDCWD, "./remon.log", O_WRONLY|O_CREAT|O_APPEND, 0666) = 65
37793 close(65)                         = 0
37782 openat(AT_FDCWD, "./remon.log", O_WRONLY|O_CREAT|O_APPEND, 0666) = 65
37782 close(65)                         = 0
37793 openat(AT_FDCWD, "./remon.log", O_WRONLY|O_CREAT|O_APPEND, 0666) = 65
37793 close(65)                         = 0
37782 openat(AT_FDCWD, "./remon.log", O_WRONLY|O_CREAT|O_APPEND, 0666) = 65
37782 close(65)                         = 0
37793 openat(AT_FDCWD, "./remon.log", O_WRONLY|O_CREAT|O_APPEND, 0666) = 65
37793 close(65)                         = 0
37782 openat(AT_FDCWD, "./remon.log", O_WRONLY|O_CREAT|O_APPEND, 0666) = 65
37782 close(65)                         = 0
37793 openat(AT_FDCWD, "./remon.log", O_WRONLY|O_CREAT|O_APPEND, 0666) = 65
37793 close(65)                         = 0
37782 openat(AT_FDCWD, "./remon.log", O_WRONLY|O_CREAT|O_APPEND, 0666) = 65
37782 close(65)                         = 0
37793 openat(AT_FDCWD, "./remon.log", O_WRONLY|O_CREAT|O_APPEND, 0666) = 65
37793 close(65)                         = 0
37782 openat(AT_FDCWD, "./remon.log", O_WRONLY|O_CREAT|O_APPEND, 0666) = 65
37782 close(65)                         = 0
37782 openat(AT_FDCWD, "./remon.log", O_WRONLY|O_CREAT|O_APPEND, 0666) = 65
37782 close(65)                         = 0
37793 openat(AT_FDCWD, "./remon.log", O_WRONLY|O_CREAT|O_APPEND, 0666) = 65
37793 close(65)                         = 0
37793 openat(AT_FDCWD, "./remon.log", O_WRONLY|O_CREAT|O_APPEND, 0666) = 105
37793 close(105)                        = 0
37782 openat(AT_FDCWD, "./remon.log", O_WRONLY|O_CREAT|O_APPEND, 0666) = 105
37782 close(105)                        = 0
37793 openat(AT_FDCWD, "./remon.log", O_WRONLY|O_CREAT|O_APPEND, 0666) = 105
37793 close(105)                        = 0
37782 openat(AT_FDCWD, "./remon.log", O_WRONLY|O_CREAT|O_APPEND, 0666) = 105
37782 close(105)                        = 0
37793 openat(AT_FDCWD, "./remon.log", O_WRONLY|O_CREAT|O_APPEND, 0666) = 105
37793 close(105)                        = 0
37782 openat(AT_FDCWD, "./remon.log", O_WRONLY|O_CREAT|O_APPEND, 0666) = 105
37782 close(105)                        = 0
37793 openat(AT_FDCWD, "./remon.log", O_WRONLY|O_CREAT|O_APPEND, 0666) = 105
37793 close(105)                        = 0
37782 openat(AT_FDCWD, "./remon.log", O_WRONLY|O_CREAT|O_APPEND, 0666) = 105
37782 close(105)                        = 0
37793 openat(AT_FDCWD, "./remon.log", O_WRONLY|O_CREAT|O_APPEND, 0666) = 105
37793 close(105)                        = 0
37782 openat(AT_FDCWD, "./remon.log", O_WRONLY|O_CREAT|O_APPEND, 0666) = 105
37782 close(105)                        = 0
37793 openat(AT_FDCWD, "./remon.log", O_WRONLY|O_CREAT|O_APPEND, 0666) = 105
37793 close(105)                        = 0
37782 openat(AT_FDCWD, "./remon.log", O_WRONLY|O_CREAT|O_APPEND, 0666) = 105
37782 close(105)                        = 0
37793 openat(AT_FDCWD, "./remon.log", O_WRONLY|O_CREAT|O_APPEND, 0666) = 105
37793 close(105)                        = 0
37782 openat(AT_FDCWD, "./remon.log", O_WRONLY|O_CREAT|O_APPEND, 0666) = 105
37782 close(105)                        = 0
37793 openat(AT_FDCWD, "./remon.log", O_WRONLY|O_CREAT|O_APPEND, 0666) = 105
37793 close(105)                        = 0
37782 openat(AT_FDCWD, "./remon.log", O_WRONLY|O_CREAT|O_APPEND, 0666) = 105
37782 close(105)                        = 0
37793 openat(AT_FDCWD, "./remon.log", O_WRONLY|O_CREAT|O_APPEND, 0666) = 105
37793 close(105)                        = 0
37782 openat(AT_FDCWD, "./remon.log", O_WRONLY|O_CREAT|O_APPEND, 0666) = 105
37782 close(105)                        = 0
37793 openat(AT_FDCWD, "./remon.log", O_WRONLY|O_CREAT|O_APPEND, 0666) = 105
37793 close(105)                        = 0
37782 openat(AT_FDCWD, "./remon.log", O_WRONLY|O_CREAT|O_APPEND, 0666) = 105
37782 close(105)                        = 0
37793 openat(AT_FDCWD, "./remon.log", O_WRONLY|O_CREAT|O_APPEND, 0666) = 105
37793 close(105)                        = 0
37782 openat(AT_FDCWD, "./remon.log", O_WRONLY|O_CREAT|O_APPEND, 0666) = 105
37782 close(105)                        = 0
37793 openat(AT_FDCWD, "./remon.log", O_WRONLY|O_CREAT|O_APPEND, 0666) = 105
37793 close(105)                        = 0
37782 openat(AT_FDCWD, "./remon.log", O_WRONLY|O_CREAT|O_APPEND, 0666) = 105
37782 close(105)                        = 0
37793 openat(AT_FDCWD, "./remon.log", O_WRONLY|O_CREAT|O_APPEND, 0666) = 105
37793 close(105)                        = 0
37782 openat(AT_FDCWD, "./remon.log", O_WRONLY|O_CREAT|O_APPEND, 0666) = 105
37782 close(105)                        = 0
37793 openat(AT_FDCWD, "./remon.log", O_WRONLY|O_CREAT|O_APPEND, 0666) = 105
37793 close(105)                        = 0
37782 openat(AT_FDCWD, "./remon.log", O_WRONLY|O_CREAT|O_APPEND, 0666) = 105
37782 close(105)                        = 0
37793 openat(AT_FDCWD, "./remon.log", O_WRONLY|O_CREAT|O_APPEND, 0666) = 105
37793 close(105)                        = 0
37782 openat(AT_FDCWD, "./remon.log", O_WRONLY|O_CREAT|O_APPEND, 0666) = 105
37782 close(105)                        = 0
37793 openat(AT_FDCWD, "./remon.log", O_WRONLY|O_CREAT|O_APPEND, 0666) = 105
37793 close(105)                        = 0
37782 openat(AT_FDCWD, "./remon.log", O_WRONLY|O_CREAT|O_APPEND, 0666) = 105
37782 close(105)                        = 0
37793 openat(AT_FDCWD, "./remon.log", O_WRONLY|O_CREAT|O_APPEND, 0666) = 105
37793 close(105)                        = 0
37782 openat(AT_FDCWD, "./remon.log", O_WRONLY|O_CREAT|O_APPEND, 0666) = 105
37782 close(105)                        = 0
37793 openat(AT_FDCWD, "./remon.log", O_WRONLY|O_CREAT|O_APPEND, 0666) = 105
37793 close(105)                        = 0
37782 openat(AT_FDCWD, "./remon.log", O_WRONLY|O_CREAT|O_APPEND, 0666) = 105
37782 close(105)                        = 0
37793 openat(AT_FDCWD, "./remon.log", O_WRONLY|O_CREAT|O_APPEND, 0666) = 105
37793 close(105)                        = 0
37782 openat(AT_FDCWD, "./remon.log", O_WRONLY|O_CREAT|O_APPEND, 0666) = 105
37782 close(105)                        = 0
37793 openat(AT_FDCWD, "./remon.log", O_WRONLY|O_CREAT|O_APPEND, 0666) = 105
37793 close(105)                        = 0
37782 openat(AT_FDCWD, "./remon.log", O_WRONLY|O_CREAT|O_APPEND, 0666) = 105
37782 close(105)                        = 0
37793 openat(AT_FDCWD, "./remon.log", O_WRONLY|O_CREAT|O_APPEND, 0666) = 105
37793 close(105)                        = 0
37782 openat(AT_FDCWD, "./remon.log", O_WRONLY|O_CREAT|O_APPEND, 0666) = 105
37782 close(105)                        = 0
37793 openat(AT_FDCWD, "./remon.log", O_WRONLY|O_CREAT|O_APPEND, 0666) = 105
37793 close(105)                        = 0
37782 openat(AT_FDCWD, "./remon.log", O_WRONLY|O_CREAT|O_APPEND, 0666) = 105
37782 close(105)                        = 0
37793 openat(AT_FDCWD, "./remon.log", O_WRONLY|O_CREAT|O_APPEND, 0666) = 127
37793 close(127)                        = 0
37782 openat(AT_FDCWD, "./remon.log", O_WRONLY|O_CREAT|O_APPEND, 0666) = 127
37782 close(127)                        = 0
37782 openat(AT_FDCWD, "./remon.log", O_WRONLY|O_CREAT|O_APPEND, 0666) = 127
37782 close(127)                        = 0
37783 openat(AT_FDCWD, "/proc/self/statm", O_RDONLY) = 127
37783 close(127)                        = 0
37793 openat(AT_FDCWD, "./remon.log", O_WRONLY|O_CREAT|O_APPEND, 0666) = 128
37793 close(128)                        = 0
37793 openat(AT_FDCWD, "./remon.log", O_WRONLY|O_CREAT|O_APPEND, 0666) = 129
37793 close(129)                        = 0
37782 openat(AT_FDCWD, "./remon.log", O_WRONLY|O_CREAT|O_APPEND, 0666) = 129
37782 close(129)                        = 0
37793 openat(AT_FDCWD, "./remon.log", O_WRONLY|O_CREAT|O_APPEND, 0666) = 129
37793 close(129)                        = 0
37782 openat(AT_FDCWD, "./remon.log", O_WRONLY|O_CREAT|O_APPEND, 0666) = 129
37782 close(129)                        = 0
37793 openat(AT_FDCWD, "./remon.log", O_WRONLY|O_CREAT|O_APPEND, 0666) = 129
37793 close(129)                        = 0
37782 openat(AT_FDCWD, "./remon.log", O_WRONLY|O_CREAT|O_APPEND, 0666) = 129
37782 close(129)                        = 0
37793 openat(AT_FDCWD, "./remon.log", O_WRONLY|O_CREAT|O_APPEND, 0666) = 129
37793 close(129)                        = 0
37782 openat(AT_FDCWD, "./remon.log", O_WRONLY|O_CREAT|O_APPEND, 0666) = 129
37782 close(129)                        = 0
37793 openat(AT_FDCWD, "./remon.log", O_WRONLY|O_CREAT|O_APPEND, 0666) = 129
37793 close(129)                        = 0
37782 openat(AT_FDCWD, "./remon.log", O_WRONLY|O_CREAT|O_APPEND, 0666) = 129
37782 close(129)                        = 0
37793 openat(AT_FDCWD, "./remon.log", O_WRONLY|O_CREAT|O_APPEND, 0666) = 129
37793 close(129)                        = 0
37782 openat(AT_FDCWD, "./remon.log", O_WRONLY|O_CREAT|O_APPEND, 0666) = 129
37782 close(129)                        = 0
37793 openat(AT_FDCWD, "./remon.log", O_WRONLY|O_CREAT|O_APPEND, 0666) = 129
37793 close(129)                        = 0
37782 openat(AT_FDCWD, "./remon.log", O_WRONLY|O_CREAT|O_APPEND, 0666) = 129
37782 close(129)                        = 0
37793 openat(AT_FDCWD, "./remon.log", O_WRONLY|O_CREAT|O_APPEND, 0666) = 129
37793 close(129)                        = 0
37782 openat(AT_FDCWD, "./remon.log", O_WRONLY|O_CREAT|O_APPEND, 0666) = 129
37782 close(129)                        = 0
37793 openat(AT_FDCWD, "./remon.log", O_WRONLY|O_CREAT|O_APPEND, 0666) = 129
37793 close(129)                        = 0
37782 openat(AT_FDCWD, "./remon.log", O_WRONLY|O_CREAT|O_APPEND, 0666) = 129
37782 close(129)                        = 0
37793 openat(AT_FDCWD, "./remon.log", O_WRONLY|O_CREAT|O_APPEND, 0666) = 129
37793 close(129)                        = 0
37782 openat(AT_FDCWD, "./remon.log", O_WRONLY|O_CREAT|O_APPEND, 0666) = 129
37782 close(129)                        = 0
37793 openat(AT_FDCWD, "./remon.log", O_WRONLY|O_CREAT|O_APPEND, 0666) = 129
37793 close(129)                        = 0
37782 openat(AT_FDCWD, "./remon.log", O_WRONLY|O_CREAT|O_APPEND, 0666) = 129
37782 close(129)                        = 0
37793 openat(AT_FDCWD, "./remon.log", O_WRONLY|O_CREAT|O_APPEND, 0666) = 129
37793 close(129)                        = 0
37782 openat(AT_FDCWD, "./remon.log", O_WRONLY|O_CREAT|O_APPEND, 0666) = 129
37782 close(129)                        = 0
37793 openat(AT_FDCWD, "./remon.log", O_WRONLY|O_CREAT|O_APPEND, 0666) = 129
37793 close(129)                        = 0
37782 openat(AT_FDCWD, "./remon.log", O_WRONLY|O_CREAT|O_APPEND, 0666) = 129
37782 close(129)                        = 0
37793 openat(AT_FDCWD, "./remon.log", O_WRONLY|O_CREAT|O_APPEND, 0666) = 129
37793 close(129)                        = 0
37782 openat(AT_FDCWD, "./remon.log", O_WRONLY|O_CREAT|O_APPEND, 0666) = 129
37782 close(129)                        = 0
37793 openat(AT_FDCWD, "./remon.log", O_WRONLY|O_CREAT|O_APPEND, 0666) = 129
37793 close(129)                        = 0
37782 openat(AT_FDCWD, "./remon.log", O_WRONLY|O_CREAT|O_APPEND, 0666) = 129
37782 close(129)                        = 0
37793 openat(AT_FDCWD, "./remon.log", O_WRONLY|O_CREAT|O_APPEND, 0666) = 129
37793 close(129)                        = 0
37782 openat(AT_FDCWD, "./remon.log", O_WRONLY|O_CREAT|O_APPEND, 0666) = 129
37782 close(129)                        = 0
37793 openat(AT_FDCWD, "./remon.log", O_WRONLY|O_CREAT|O_APPEND, 0666) = 129
37793 close(129)                        = 0
37782 openat(AT_FDCWD, "./remon.log", O_WRONLY|O_CREAT|O_APPEND, 0666) = 129
37782 close(129)                        = 0
37793 openat(AT_FDCWD, "./remon.log", O_WRONLY|O_CREAT|O_APPEND, 0666) = 129
37793 close(129)                        = 0
37782 openat(AT_FDCWD, "./remon.log", O_WRONLY|O_CREAT|O_APPEND, 0666) = 129
37782 close(129)                        = 0
37793 openat(AT_FDCWD, "./remon.log", O_WRONLY|O_CREAT|O_APPEND, 0666) = 129
37793 close(129)                        = 0
37782 openat(AT_FDCWD, "./remon.log", O_WRONLY|O_CREAT|O_APPEND, 0666) = 129
37782 close(129)                        = 0
37793 openat(AT_FDCWD, "./remon.log", O_WRONLY|O_CREAT|O_APPEND, 0666) = 129
37793 close(129)                        = 0
37782 openat(AT_FDCWD, "./remon.log", O_WRONLY|O_CREAT|O_APPEND, 0666) = 129
37782 close(129)                        = 0
37793 openat(AT_FDCWD, "./remon.log", O_WRONLY|O_CREAT|O_APPEND, 0666) = 129
37793 close(129)                        = 0
37782 openat(AT_FDCWD, "./remon.log", O_WRONLY|O_CREAT|O_APPEND, 0666) = 129
37782 close(129)                        = 0
37793 openat(AT_FDCWD, "./remon.log", O_WRONLY|O_CREAT|O_APPEND, 0666) = 129
37793 close(129)                        = 0
37782 openat(AT_FDCWD, "./remon.log", O_WRONLY|O_CREAT|O_APPEND, 0666) = 129
37782 close(129)                        = 0
37793 openat(AT_FDCWD, "./remon.log", O_WRONLY|O_CREAT|O_APPEND, 0666) = 129
37793 close(129)                        = 0
37782 openat(AT_FDCWD, "./remon.log", O_WRONLY|O_CREAT|O_APPEND, 0666) = 129
37782 close(129)                        = 0
37793 openat(AT_FDCWD, "./remon.log", O_WRONLY|O_CREAT|O_APPEND, 0666) = 129
37793 close(129)                        = 0
37782 openat(AT_FDCWD, "./remon.log", O_WRONLY|O_CREAT|O_APPEND, 0666) = 129
37782 close(129)                        = 0
37793 openat(AT_FDCWD, "./remon.log", O_WRONLY|O_CREAT|O_APPEND, 0666) = 129
37793 close(129)                        = 0
37782 openat(AT_FDCWD, "./remon.log", O_WRONLY|O_CREAT|O_APPEND, 0666) = 129
37782 close(129)                        = 0
37793 openat(AT_FDCWD, "./remon.log", O_WRONLY|O_CREAT|O_APPEND, 0666) = 129
37793 close(129)                        = 0
37782 openat(AT_FDCWD, "./remon.log", O_WRONLY|O_CREAT|O_APPEND, 0666) = 129
37782 close(129)                        = 0
37793 openat(AT_FDCWD, "./remon.log", O_WRONLY|O_CREAT|O_APPEND, 0666) = 129
37793 close(129)                        = 0
37782 openat(AT_FDCWD, "./remon.log", O_WRONLY|O_CREAT|O_APPEND, 0666) = 129
37782 close(129)                        = 0
37793 openat(AT_FDCWD, "./remon.log", O_WRONLY|O_CREAT|O_APPEND, 0666) = 129
37793 close(129)                        = 0
37782 openat(AT_FDCWD, "./remon.log", O_WRONLY|O_CREAT|O_APPEND, 0666) = 129
37782 close(129)                        = 0
37793 openat(AT_FDCWD, "./remon.log", O_WRONLY|O_CREAT|O_APPEND, 0666) = 129
37793 close(129)                        = 0
37782 openat(AT_FDCWD, "./remon.log", O_WRONLY|O_CREAT|O_APPEND, 0666) = 129
37782 close(129)                        = 0
37793 openat(AT_FDCWD, "./remon.log", O_WRONLY|O_CREAT|O_APPEND, 0666) = 129
37793 close(129)                        = 0
37782 openat(AT_FDCWD, "./remon.log", O_WRONLY|O_CREAT|O_APPEND, 0666) = 129
37782 close(129)                        = 0
37793 openat(AT_FDCWD, "./remon.log", O_WRONLY|O_CREAT|O_APPEND, 0666) = 129
37793 close(129)                        = 0
37782 openat(AT_FDCWD, "./remon.log", O_WRONLY|O_CREAT|O_APPEND, 0666) = 129
37782 close(129)                        = 0
37793 openat(AT_FDCWD, "./remon.log", O_WRONLY|O_CREAT|O_APPEND, 0666) = 129
37793 close(129)                        = 0
37782 openat(AT_FDCWD, "./remon.log", O_WRONLY|O_CREAT|O_APPEND, 0666) = 129
37782 close(129)                        = 0
37793 openat(AT_FDCWD, "./remon.log", O_WRONLY|O_CREAT|O_APPEND, 0666) = 129
37793 close(129)                        = 0
37782 openat(AT_FDCWD, "./remon.log", O_WRONLY|O_CREAT|O_APPEND, 0666) = 129
37782 close(129)                        = 0
37793 openat(AT_FDCWD, "./remon.log", O_WRONLY|O_CREAT|O_APPEND, 0666) = 129
37793 close(129)                        = 0
37782 openat(AT_FDCWD, "./remon.log", O_WRONLY|O_CREAT|O_APPEND, 0666) = 129
37782 close(129)                        = 0
37793 openat(AT_FDCWD, "./remon.log", O_WRONLY|O_CREAT|O_APPEND, 0666) = 129
37793 close(129)                        = 0
37782 openat(AT_FDCWD, "./remon.log", O_WRONLY|O_CREAT|O_APPEND, 0666) = 129
37782 close(129)                        = 0
37793 openat(AT_FDCWD, "./remon.log", O_WRONLY|O_CREAT|O_APPEND, 0666) = 129
37793 close(129)                        = 0
37782 openat(AT_FDCWD, "./remon.log", O_WRONLY|O_CREAT|O_APPEND, 0666) = 129
37782 close(129)                        = 0
37793 openat(AT_FDCWD, "./remon.log", O_WRONLY|O_CREAT|O_APPEND, 0666) = 129
37793 close(129)                        = 0
37782 openat(AT_FDCWD, "./remon.log", O_WRONLY|O_CREAT|O_APPEND, 0666) = 129
37782 close(129)                        = 0
37793 openat(AT_FDCWD, "./remon.log", O_WRONLY|O_CREAT|O_APPEND, 0666) = 129
37793 close(129)                        = 0
37782 openat(AT_FDCWD, "./remon.log", O_WRONLY|O_CREAT|O_APPEND, 0666) = 129
37782 close(129)                        = 0
37793 openat(AT_FDCWD, "./remon.log", O_WRONLY|O_CREAT|O_APPEND, 0666) = 129
37793 close(129)                        = 0
37782 openat(AT_FDCWD, "./remon.log", O_WRONLY|O_CREAT|O_APPEND, 0666) = 129
37782 close(129)                        = 0
37793 openat(AT_FDCWD, "./remon.log", O_WRONLY|O_CREAT|O_APPEND, 0666) = 129
37793 close(129)                        = 0
37782 openat(AT_FDCWD, "./remon.log", O_WRONLY|O_CREAT|O_APPEND, 0666) = 129
37782 close(129 <unfinished ...>
37783 openat(AT_FDCWD, "/proc/self/statm", O_RDONLY <unfinished ...>
37782 <... close resumed>)              = 0
37783 <... openat resumed>)             = 129
37783 close(129)                        = 0
37793 openat(AT_FDCWD, "./remon.log", O_WRONLY|O_CREAT|O_APPEND, 0666) = 129
37793 close(129)                        = 0
37782 openat(AT_FDCWD, "./remon.log", O_WRONLY|O_CREAT|O_APPEND, 0666) = 129
37782 close(129)                        = 0
37793 openat(AT_FDCWD, "./remon.log", O_WRONLY|O_CREAT|O_APPEND, 0666) = 129
37793 close(129)                        = 0
37782 openat(AT_FDCWD, "./remon.log", O_WRONLY|O_CREAT|O_APPEND, 0666) = 129
37782 close(129)                        = 0
37793 openat(AT_FDCWD, "./remon.log", O_WRONLY|O_CREAT|O_APPEND, 0666) = 129
37793 close(129)                        = 0
37782 openat(AT_FDCWD, "./remon.log", O_WRONLY|O_CREAT|O_APPEND, 0666) = 129
37782 close(129)                        = 0
37793 openat(AT_FDCWD, "./remon.log", O_WRONLY|O_CREAT|O_APPEND, 0666) = 129
37793 close(129)                        = 0
37782 openat(AT_FDCWD, "./remon.log", O_WRONLY|O_CREAT|O_APPEND, 0666) = 129
37782 close(129)                        = 0
37793 openat(AT_FDCWD, "./remon.log", O_WRONLY|O_CREAT|O_APPEND, 0666) = 129
37793 close(129)                        = 0
37782 openat(AT_FDCWD, "./remon.log", O_WRONLY|O_CREAT|O_APPEND, 0666) = 129
37782 close(129)                        = 0
37793 openat(AT_FDCWD, "./remon.log", O_WRONLY|O_CREAT|O_APPEND, 0666) = 129
37793 close(129)                        = 0
37782 openat(AT_FDCWD, "./remon.log", O_WRONLY|O_CREAT|O_APPEND, 0666) = 129
37782 close(129)                        = 0
37793 openat(AT_FDCWD, "./remon.log", O_WRONLY|O_CREAT|O_APPEND, 0666) = 129
37793 close(129)                        = 0
37782 openat(AT_FDCWD, "./remon.log", O_WRONLY|O_CREAT|O_APPEND, 0666) = 129
37782 close(129)                        = 0
37793 openat(AT_FDCWD, "./remon.log", O_WRONLY|O_CREAT|O_APPEND, 0666) = 129
37793 close(129)                        = 0
37782 openat(AT_FDCWD, "./remon.log", O_WRONLY|O_CREAT|O_APPEND, 0666) = 129
37782 close(129)                        = 0
37793 openat(AT_FDCWD, "./remon.log", O_WRONLY|O_CREAT|O_APPEND, 0666) = 129
37793 close(129)                        = 0
37782 openat(AT_FDCWD, "./remon.log", O_WRONLY|O_CREAT|O_APPEND, 0666) = 129
37782 close(129)                        = 0
37793 openat(AT_FDCWD, "./remon.log", O_WRONLY|O_CREAT|O_APPEND, 0666) = 129
37793 close(129)                        = 0
37782 openat(AT_FDCWD, "./remon.log", O_WRONLY|O_CREAT|O_APPEND, 0666) = 129
37782 close(129)                        = 0
37793 openat(AT_FDCWD, "./remon.log", O_WRONLY|O_CREAT|O_APPEND, 0666) = 129
37793 close(129)                        = 0
37782 openat(AT_FDCWD, "./remon.log", O_WRONLY|O_CREAT|O_APPEND, 0666) = 129
37782 close(129)                        = 0
37793 openat(AT_FDCWD, "./remon.log", O_WRONLY|O_CREAT|O_APPEND, 0666) = 129
37793 close(129)                        = 0
37782 openat(AT_FDCWD, "./remon.log", O_WRONLY|O_CREAT|O_APPEND, 0666) = 129
37782 close(129)                        = 0
37793 openat(AT_FDCWD, "./remon.log", O_WRONLY|O_CREAT|O_APPEND, 0666) = 129
37793 close(129)                        = 0
37782 openat(AT_FDCWD, "./remon.log", O_WRONLY|O_CREAT|O_APPEND, 0666) = 129
37782 close(129)                        = 0
37793 openat(AT_FDCWD, "./remon.log", O_WRONLY|O_CREAT|O_APPEND, 0666) = 129
37793 close(129)                        = 0
37782 openat(AT_FDCWD, "./remon.log", O_WRONLY|O_CREAT|O_APPEND, 0666) = 129
37782 close(129)                        = 0
37793 openat(AT_FDCWD, "./remon.log", O_WRONLY|O_CREAT|O_APPEND, 0666) = 129
37793 close(129)                        = 0
37782 openat(AT_FDCWD, "./remon.log", O_WRONLY|O_CREAT|O_APPEND, 0666) = 129
37782 close(129)                        = 0
37793 openat(AT_FDCWD, "./remon.log", O_WRONLY|O_CREAT|O_APPEND, 0666) = 129
37793 close(129)                        = 0
37782 openat(AT_FDCWD, "./remon.log", O_WRONLY|O_CREAT|O_APPEND, 0666) = 129
37782 close(129)                        = 0
37793 openat(AT_FDCWD, "./remon.log", O_WRONLY|O_CREAT|O_APPEND, 0666) = 129
37793 close(129)                        = 0
37782 openat(AT_FDCWD, "./remon.log", O_WRONLY|O_CREAT|O_APPEND, 0666) = 129
37782 close(129)                        = 0
37793 openat(AT_FDCWD, "./remon.log", O_WRONLY|O_CREAT|O_APPEND, 0666) = 129
37793 close(129)                        = 0
37782 openat(AT_FDCWD, "./remon.log", O_WRONLY|O_CREAT|O_APPEND, 0666) = 129
37782 close(129)                        = 0
37793 openat(AT_FDCWD, "./remon.log", O_WRONLY|O_CREAT|O_APPEND, 0666) = 129
37793 close(129)                        = 0
37782 openat(AT_FDCWD, "./remon.log", O_WRONLY|O_CREAT|O_APPEND, 0666) = 129
37782 close(129)                        = 0
37793 openat(AT_FDCWD, "./remon.log", O_WRONLY|O_CREAT|O_APPEND, 0666) = 129
37793 close(129)                        = 0
37782 openat(AT_FDCWD, "./remon.log", O_WRONLY|O_CREAT|O_APPEND, 0666) = 129
37782 close(129)                        = 0
37793 openat(AT_FDCWD, "./remon.log", O_WRONLY|O_CREAT|O_APPEND, 0666) = 129
37793 close(129)                        = 0
37782 openat(AT_FDCWD, "./remon.log", O_WRONLY|O_CREAT|O_APPEND, 0666) = 129
37782 close(129)                        = 0
37793 openat(AT_FDCWD, "./remon.log", O_WRONLY|O_CREAT|O_APPEND, 0666) = 129
37793 close(129)                        = 0
37782 openat(AT_FDCWD, "./remon.log", O_WRONLY|O_CREAT|O_APPEND, 0666) = 129
37782 close(129)                        = 0
37793 openat(AT_FDCWD, "./remon.log", O_WRONLY|O_CREAT|O_APPEND, 0666) = 129
37793 close(129)                        = 0
37782 openat(AT_FDCWD, "./remon.log", O_WRONLY|O_CREAT|O_APPEND, 0666) = 129
37782 close(129)                        = 0
37793 openat(AT_FDCWD, "./remon.log", O_WRONLY|O_CREAT|O_APPEND, 0666) = 129
37793 close(129)                        = 0
37782 openat(AT_FDCWD, "./remon.log", O_WRONLY|O_CREAT|O_APPEND, 0666) = 129
37782 close(129)                        = 0
37793 openat(AT_FDCWD, "./remon.log", O_WRONLY|O_CREAT|O_APPEND, 0666) = 129
37793 close(129)                        = 0
37782 openat(AT_FDCWD, "./remon.log", O_WRONLY|O_CREAT|O_APPEND, 0666) = 129
37782 close(129)                        = 0
37793 openat(AT_FDCWD, "./remon.log", O_WRONLY|O_CREAT|O_APPEND, 0666) = 129
37793 close(129)                        = 0
37782 openat(AT_FDCWD, "./remon.log", O_WRONLY|O_CREAT|O_APPEND, 0666) = 129
37782 close(129)                        = 0
37793 openat(AT_FDCWD, "./remon.log", O_WRONLY|O_CREAT|O_APPEND, 0666) = 129
37793 close(129)                        = 0
37782 openat(AT_FDCWD, "./remon.log", O_WRONLY|O_CREAT|O_APPEND, 0666) = 129
37782 close(129)                        = 0
37793 openat(AT_FDCWD, "./remon.log", O_WRONLY|O_CREAT|O_APPEND, 0666) = 129
37793 close(129)                        = 0
37782 openat(AT_FDCWD, "./remon.log", O_WRONLY|O_CREAT|O_APPEND, 0666) = 129
37782 close(129)                        = 0
37793 openat(AT_FDCWD, "./remon.log", O_WRONLY|O_CREAT|O_APPEND, 0666) = 129
37793 close(129)                        = 0
37782 openat(AT_FDCWD, "./remon.log", O_WRONLY|O_CREAT|O_APPEND, 0666) = 129
37782 close(129)                        = 0
37793 openat(AT_FDCWD, "./remon.log", O_WRONLY|O_CREAT|O_APPEND, 0666) = 129
37793 close(129)                        = 0
37782 openat(AT_FDCWD, "./remon.log", O_WRONLY|O_CREAT|O_APPEND, 0666) = 129
37782 close(129)                        = 0
37793 openat(AT_FDCWD, "./remon.log", O_WRONLY|O_CREAT|O_APPEND, 0666) = 129
37793 close(129)                        = 0
37782 openat(AT_FDCWD, "./remon.log", O_WRONLY|O_CREAT|O_APPEND, 0666) = 129
37782 close(129)                        = 0
37793 openat(AT_FDCWD, "./remon.log", O_WRONLY|O_CREAT|O_APPEND, 0666) = 129
37793 close(129)                        = 0
37782 openat(AT_FDCWD, "./remon.log", O_WRONLY|O_CREAT|O_APPEND, 0666) = 129
37782 close(129)                        = 0
37793 openat(AT_FDCWD, "./remon.log", O_WRONLY|O_CREAT|O_APPEND, 0666) = 129
37793 close(129)                        = 0
37782 openat(AT_FDCWD, "./remon.log", O_WRONLY|O_CREAT|O_APPEND, 0666) = 129
37782 close(129)                        = 0
37793 openat(AT_FDCWD, "./remon.log", O_WRONLY|O_CREAT|O_APPEND, 0666) = 129
37793 close(129)                        = 0
37782 openat(AT_FDCWD, "./remon.log", O_WRONLY|O_CREAT|O_APPEND, 0666) = 129
37782 close(129)                        = 0
37793 openat(AT_FDCWD, "./remon.log", O_WRONLY|O_CREAT|O_APPEND, 0666) = 129
37793 close(129)                        = 0
37782 openat(AT_FDCWD, "./remon.log", O_WRONLY|O_CREAT|O_APPEND, 0666) = 129
37782 close(129)                        = 0
37793 openat(AT_FDCWD, "./remon.log", O_WRONLY|O_CREAT|O_APPEND, 0666) = 129
37793 close(129)                        = 0
37782 openat(AT_FDCWD, "./remon.log", O_WRONLY|O_CREAT|O_APPEND, 0666) = 129
37782 close(129)                        = 0
37793 openat(AT_FDCWD, "./remon.log", O_WRONLY|O_CREAT|O_APPEND, 0666) = 129
37793 close(129)                        = 0
37782 openat(AT_FDCWD, "./remon.log", O_WRONLY|O_CREAT|O_APPEND, 0666) = 129
37782 close(129)                        = 0
37793 openat(AT_FDCWD, "./remon.log", O_WRONLY|O_CREAT|O_APPEND, 0666) = 129
37793 close(129)                        = 0
37782 openat(AT_FDCWD, "./remon.log", O_WRONLY|O_CREAT|O_APPEND, 0666) = 129
37782 close(129)                        = 0
37793 openat(AT_FDCWD, "./remon.log", O_WRONLY|O_CREAT|O_APPEND, 0666) = 129
37793 close(129)                        = 0
37782 openat(AT_FDCWD, "./remon.log", O_WRONLY|O_CREAT|O_APPEND, 0666) = 129
37782 close(129)                        = 0
37793 openat(AT_FDCWD, "./remon.log", O_WRONLY|O_CREAT|O_APPEND, 0666) = 129
37793 close(129)                        = 0
37782 openat(AT_FDCWD, "./remon.log", O_WRONLY|O_CREAT|O_APPEND, 0666) = 129
37782 close(129)                        = 0
37793 openat(AT_FDCWD, "./remon.log", O_WRONLY|O_CREAT|O_APPEND, 0666) = 129
37793 close(129)                        = 0
37782 openat(AT_FDCWD, "./remon.log", O_WRONLY|O_CREAT|O_APPEND, 0666) = 129
37782 close(129)                        = 0
37793 openat(AT_FDCWD, "./remon.log", O_WRONLY|O_CREAT|O_APPEND, 0666) = 129
37793 close(129)                        = 0
37782 openat(AT_FDCWD, "./remon.log", O_WRONLY|O_CREAT|O_APPEND, 0666) = 129
37782 close(129)                        = 0
37793 openat(AT_FDCWD, "./remon.log", O_WRONLY|O_CREAT|O_APPEND, 0666) = 129
37793 close(129)                        = 0
37782 openat(AT_FDCWD, "./remon.log", O_WRONLY|O_CREAT|O_APPEND, 0666) = 129
37782 close(129)                        = 0
37793 openat(AT_FDCWD, "./remon.log", O_WRONLY|O_CREAT|O_APPEND, 0666) = 129
37793 close(129)                        = 0
37782 openat(AT_FDCWD, "./remon.log", O_WRONLY|O_CREAT|O_APPEND, 0666) = 129
37782 close(129)                        = 0
37793 openat(AT_FDCWD, "./remon.log", O_WRONLY|O_CREAT|O_APPEND, 0666) = 129
37793 close(129)                        = 0
37782 openat(AT_FDCWD, "./remon.log", O_WRONLY|O_CREAT|O_APPEND, 0666) = 129
37782 close(129)                        = 0
37793 openat(AT_FDCWD, "./remon.log", O_WRONLY|O_CREAT|O_APPEND, 0666) = 129
37793 close(129)                        = 0
37782 openat(AT_FDCWD, "./remon.log", O_WRONLY|O_CREAT|O_APPEND, 0666) = 129
37782 close(129)                        = 0
37793 openat(AT_FDCWD, "./remon.log", O_WRONLY|O_CREAT|O_APPEND, 0666) = 129
37793 close(129)                        = 0
37782 openat(AT_FDCWD, "./remon.log", O_WRONLY|O_CREAT|O_APPEND, 0666) = 129
37782 close(129)                        = 0
37793 openat(AT_FDCWD, "./remon.log", O_WRONLY|O_CREAT|O_APPEND, 0666) = 129
37793 close(129)                        = 0
37782 openat(AT_FDCWD, "./remon.log", O_WRONLY|O_CREAT|O_APPEND, 0666) = 129
37782 close(129)                        = 0
37793 openat(AT_FDCWD, "./remon.log", O_WRONLY|O_CREAT|O_APPEND, 0666) = 129
37793 close(129)                        = 0
37782 openat(AT_FDCWD, "./remon.log", O_WRONLY|O_CREAT|O_APPEND, 0666) = 129
37782 close(129)                        = 0
37783 openat(AT_FDCWD, "/proc/self/statm", O_RDONLY) = 129
37793 openat(AT_FDCWD, "./remon.log", O_WRONLY|O_CREAT|O_APPEND, 0666) = 219
37783 close(129)                        = 0
37793 close(219)                        = 0
37782 openat(AT_FDCWD, "./remon.log", O_WRONLY|O_CREAT|O_APPEND, 0666) = 129
37782 close(129)                        = 0
37793 openat(AT_FDCWD, "./remon.log", O_WRONLY|O_CREAT|O_APPEND, 0666) = 129
37793 close(129)                        = 0
37782 openat(AT_FDCWD, "./remon.log", O_WRONLY|O_CREAT|O_APPEND, 0666) = 129
37782 close(129)                        = 0
37793 openat(AT_FDCWD, "./remon.log", O_WRONLY|O_CREAT|O_APPEND, 0666) = 129
37793 close(129)                        = 0
37782 openat(AT_FDCWD, "./remon.log", O_WRONLY|O_CREAT|O_APPEND, 0666) = 129
37782 close(129)                        = 0
37793 openat(AT_FDCWD, "./remon.log", O_WRONLY|O_CREAT|O_APPEND, 0666) = 129
37793 close(129)                        = 0
37782 openat(AT_FDCWD, "./remon.log", O_WRONLY|O_CREAT|O_APPEND, 0666) = 129
37782 close(129)                        = 0
37793 openat(AT_FDCWD, "./remon.log", O_WRONLY|O_CREAT|O_APPEND, 0666) = 129
37793 close(129)                        = 0
37782 openat(AT_FDCWD, "./remon.log", O_WRONLY|O_CREAT|O_APPEND, 0666) = 129
37782 close(129)                        = 0
37793 openat(AT_FDCWD, "./remon.log", O_WRONLY|O_CREAT|O_APPEND, 0666) = 129
37793 close(129)                        = 0
37782 openat(AT_FDCWD, "./remon.log", O_WRONLY|O_CREAT|O_APPEND, 0666) = 129
37782 close(129)                        = 0
37793 openat(AT_FDCWD, "./remon.log", O_WRONLY|O_CREAT|O_APPEND, 0666) = 129
37793 close(129)                        = 0
37782 openat(AT_FDCWD, "./remon.log", O_WRONLY|O_CREAT|O_APPEND, 0666) = 129
37782 close(129)                        = 0
37793 openat(AT_FDCWD, "./remon.log", O_WRONLY|O_CREAT|O_APPEND, 0666) = 129
37793 close(129)                        = 0
37782 openat(AT_FDCWD, "./remon.log", O_WRONLY|O_CREAT|O_APPEND, 0666) = 129
37782 close(129)                        = 0
37793 openat(AT_FDCWD, "./remon.log", O_WRONLY|O_CREAT|O_APPEND, 0666) = 129
37793 close(129)                        = 0
37782 openat(AT_FDCWD, "./remon.log", O_WRONLY|O_CREAT|O_APPEND, 0666) = 129
37782 close(129)                        = 0
37793 openat(AT_FDCWD, "./remon.log", O_WRONLY|O_CREAT|O_APPEND, 0666) = 129
37793 close(129)                        = 0
37782 openat(AT_FDCWD, "./remon.log", O_WRONLY|O_CREAT|O_APPEND, 0666) = 129
37782 close(129)                        = 0
37793 openat(AT_FDCWD, "./remon.log", O_WRONLY|O_CREAT|O_APPEND, 0666) = 129
37793 close(129)                        = 0
37782 openat(AT_FDCWD, "./remon.log", O_WRONLY|O_CREAT|O_APPEND, 0666) = 129
37782 close(129)                        = 0
37793 openat(AT_FDCWD, "./remon.log", O_WRONLY|O_CREAT|O_APPEND, 0666) = 129
37793 close(129)                        = 0
37782 openat(AT_FDCWD, "./remon.log", O_WRONLY|O_CREAT|O_APPEND, 0666) = 129
37782 close(129)                        = 0
37793 openat(AT_FDCWD, "./remon.log", O_WRONLY|O_CREAT|O_APPEND, 0666) = 129
37793 close(129)                        = 0
37782 openat(AT_FDCWD, "./remon.log", O_WRONLY|O_CREAT|O_APPEND, 0666) = 129
37782 close(129)                        = 0
37793 openat(AT_FDCWD, "./remon.log", O_WRONLY|O_CREAT|O_APPEND, 0666) = 129
37793 close(129)                        = 0
37782 openat(AT_FDCWD, "./remon.log", O_WRONLY|O_CREAT|O_APPEND, 0666) = 129
37782 close(129)                        = 0
37793 openat(AT_FDCWD, "./remon.log", O_WRONLY|O_CREAT|O_APPEND, 0666) = 129
37793 close(129)                        = 0
37782 openat(AT_FDCWD, "./remon.log", O_WRONLY|O_CREAT|O_APPEND, 0666) = 129
37782 close(129)                        = 0
37793 openat(AT_FDCWD, "./remon.log", O_WRONLY|O_CREAT|O_APPEND, 0666) = 129
37793 close(129)                        = 0
37782 openat(AT_FDCWD, "./remon.log", O_WRONLY|O_CREAT|O_APPEND, 0666) = 129
37782 close(129)                        = 0
37793 openat(AT_FDCWD, "./remon.log", O_WRONLY|O_CREAT|O_APPEND, 0666) = 129
37793 close(129)                        = 0
37782 openat(AT_FDCWD, "./remon.log", O_WRONLY|O_CREAT|O_APPEND, 0666) = 129
37782 close(129)                        = 0
37793 openat(AT_FDCWD, "./remon.log", O_WRONLY|O_CREAT|O_APPEND, 0666) = 129
37793 close(129)                        = 0
37782 openat(AT_FDCWD, "./remon.log", O_WRONLY|O_CREAT|O_APPEND, 0666) = 129
37782 close(129)                        = 0
37793 openat(AT_FDCWD, "./remon.log", O_WRONLY|O_CREAT|O_APPEND, 0666) = 129
37793 close(129)                        = 0
37782 openat(AT_FDCWD, "./remon.log", O_WRONLY|O_CREAT|O_APPEND, 0666) = 129
37782 close(129)                        = 0
37793 openat(AT_FDCWD, "./remon.log", O_WRONLY|O_CREAT|O_APPEND, 0666) = 129
37793 close(129)                        = 0
37782 openat(AT_FDCWD, "./remon.log", O_WRONLY|O_CREAT|O_APPEND, 0666) = 129
37782 close(129)                        = 0
37793 openat(AT_FDCWD, "./remon.log", O_WRONLY|O_CREAT|O_APPEND, 0666) = 129
37793 close(129)                        = 0
37782 openat(AT_FDCWD, "./remon.log", O_WRONLY|O_CREAT|O_APPEND, 0666) = 129
37782 close(129)                        = 0
37793 openat(AT_FDCWD, "./remon.log", O_WRONLY|O_CREAT|O_APPEND, 0666) = 129
37793 close(129)                        = 0
37782 openat(AT_FDCWD, "./remon.log", O_WRONLY|O_CREAT|O_APPEND, 0666) = 129
37782 close(129)                        = 0
37793 openat(AT_FDCWD, "./remon.log", O_WRONLY|O_CREAT|O_APPEND, 0666) = 129
37793 close(129)                        = 0
37782 openat(AT_FDCWD, "./remon.log", O_WRONLY|O_CREAT|O_APPEND, 0666) = 129
37782 close(129)                        = 0
37793 openat(AT_FDCWD, "./remon.log", O_WRONLY|O_CREAT|O_APPEND, 0666) = 129
37793 close(129)                        = 0
37782 openat(AT_FDCWD, "./remon.log", O_WRONLY|O_CREAT|O_APPEND, 0666) = 129
37782 close(129)                        = 0
37793 openat(AT_FDCWD, "./remon.log", O_WRONLY|O_CREAT|O_APPEND, 0666) = 129
37793 close(129)                        = 0
37782 openat(AT_FDCWD, "./remon.log", O_WRONLY|O_CREAT|O_APPEND, 0666) = 129
37782 close(129)                        = 0
37793 openat(AT_FDCWD, "./remon.log", O_WRONLY|O_CREAT|O_APPEND, 0666) = 129
37793 close(129)                        = 0
37782 openat(AT_FDCWD, "./remon.log", O_WRONLY|O_CREAT|O_APPEND, 0666) = 129
37782 close(129)                        = 0
37793 openat(AT_FDCWD, "./remon.log", O_WRONLY|O_CREAT|O_APPEND, 0666) = 129
37793 close(129)                        = 0
37782 openat(AT_FDCWD, "./remon.log", O_WRONLY|O_CREAT|O_APPEND, 0666) = 129
37782 close(129)                        = 0
37793 openat(AT_FDCWD, "./remon.log", O_WRONLY|O_CREAT|O_APPEND, 0666) = 129
37793 close(129)                        = 0
37782 openat(AT_FDCWD, "./remon.log", O_WRONLY|O_CREAT|O_APPEND, 0666) = 129
37782 close(129)                        = 0
37793 openat(AT_FDCWD, "./remon.log", O_WRONLY|O_CREAT|O_APPEND, 0666) = 129
37793 close(129)                        = 0
37782 openat(AT_FDCWD, "./remon.log", O_WRONLY|O_CREAT|O_APPEND, 0666) = 129
37782 close(129)                        = 0
37793 openat(AT_FDCWD, "./remon.log", O_WRONLY|O_CREAT|O_APPEND, 0666) = 129
37793 close(129)                        = 0
37782 openat(AT_FDCWD, "./remon.log", O_WRONLY|O_CREAT|O_APPEND, 0666) = 129
37782 close(129)                        = 0
37793 openat(AT_FDCWD, "./remon.log", O_WRONLY|O_CREAT|O_APPEND, 0666) = 129
37793 close(129)                        = 0
37782 openat(AT_FDCWD, "./remon.log", O_WRONLY|O_CREAT|O_APPEND, 0666) = 129
37782 close(129)                        = 0
37793 openat(AT_FDCWD, "./remon.log", O_WRONLY|O_CREAT|O_APPEND, 0666) = 129
37793 close(129)                        = 0
37782 openat(AT_FDCWD, "./remon.log", O_WRONLY|O_CREAT|O_APPEND, 0666) = 129
37782 close(129)                        = 0
37793 openat(AT_FDCWD, "./remon.log", O_WRONLY|O_CREAT|O_APPEND, 0666) = 129
37793 close(129)                        = 0
37782 openat(AT_FDCWD, "./remon.log", O_WRONLY|O_CREAT|O_APPEND, 0666) = 129
37782 close(129)                        = 0
37793 openat(AT_FDCWD, "./remon.log", O_WRONLY|O_CREAT|O_APPEND, 0666) = 129
37793 close(129)                        = 0
37782 openat(AT_FDCWD, "./remon.log", O_WRONLY|O_CREAT|O_APPEND, 0666) = 129
37782 close(129)                        = 0
37793 openat(AT_FDCWD, "./remon.log", O_WRONLY|O_CREAT|O_APPEND, 0666) = 129
37793 close(129)                        = 0
37782 openat(AT_FDCWD, "./remon.log", O_WRONLY|O_CREAT|O_APPEND, 0666) = 129
37782 close(129)                        = 0
37793 openat(AT_FDCWD, "./remon.log", O_WRONLY|O_CREAT|O_APPEND, 0666) = 129
37793 close(129)                        = 0
37782 openat(AT_FDCWD, "./remon.log", O_WRONLY|O_CREAT|O_APPEND, 0666) = 129
37782 close(129)                        = 0
37793 openat(AT_FDCWD, "./remon.log", O_WRONLY|O_CREAT|O_APPEND, 0666) = 129
37793 close(129)                        = 0
37782 openat(AT_FDCWD, "./remon.log", O_WRONLY|O_CREAT|O_APPEND, 0666) = 129
37782 close(129)                        = 0
37793 openat(AT_FDCWD, "./remon.log", O_WRONLY|O_CREAT|O_APPEND, 0666) = 129
37793 close(129)                        = 0
37782 openat(AT_FDCWD, "./remon.log", O_WRONLY|O_CREAT|O_APPEND, 0666) = 129
37782 close(129)                        = 0
37782 openat(AT_FDCWD, "./remon.log", O_WRONLY|O_CREAT|O_APPEND, 0666) = 129
37782 close(129)                        = 0
37783 openat(AT_FDCWD, "/proc/self/statm", O_RDONLY) = 129
37783 close(129)                        = 0
37793 openat(AT_FDCWD, "./remon.log", O_WRONLY|O_CREAT|O_APPEND, 0666) = 256
37793 close(256)                        = 0
37793 openat(AT_FDCWD, "./remon.log", O_WRONLY|O_CREAT|O_APPEND, 0666) = 257
37793 close(257)                        = 0
37782 openat(AT_FDCWD, "./remon.log", O_WRONLY|O_CREAT|O_APPEND, 0666) = 257
37782 close(257)                        = 0
37793 openat(AT_FDCWD, "./remon.log", O_WRONLY|O_CREAT|O_APPEND, 0666) = 257
37793 close(257)                        = 0
37782 openat(AT_FDCWD, "./remon.log", O_WRONLY|O_CREAT|O_APPEND, 0666) = 257
37782 close(257)                        = 0
37793 openat(AT_FDCWD, "./remon.log", O_WRONLY|O_CREAT|O_APPEND, 0666) = 257
37793 close(257)                        = 0
37782 openat(AT_FDCWD, "./remon.log", O_WRONLY|O_CREAT|O_APPEND, 0666) = 257
37783 openat(AT_FDCWD, "/proc/self/statm", O_RDONLY <unfinished ...>
37782 close(257 <unfinished ...>
37783 <... openat resumed>)             = 261
37782 <... close resumed>)              = 0
37783 close(261)                        = 0
37793 openat(AT_FDCWD, "./remon.log", O_WRONLY|O_CREAT|O_APPEND, 0666) = 257
37793 close(257)                        = 0
37782 openat(AT_FDCWD, "./remon.log", O_WRONLY|O_CREAT|O_APPEND, 0666) = 257
37782 close(257)                        = 0
37793 openat(AT_FDCWD, "./remon.log", O_WRONLY|O_CREAT|O_APPEND, 0666) = 257
37793 close(257)                        = 0
37782 openat(AT_FDCWD, "./remon.log", O_WRONLY|O_CREAT|O_APPEND, 0666) = 257
37782 close(257)                        = 0
37793 openat(AT_FDCWD, "./remon.log", O_WRONLY|O_CREAT|O_APPEND, 0666) = 257
37793 close(257)                        = 0
37782 openat(AT_FDCWD, "./remon.log", O_WRONLY|O_CREAT|O_APPEND, 0666) = 257
37782 close(257)                        = 0
37793 openat(AT_FDCWD, "./remon.log", O_WRONLY|O_CREAT|O_APPEND, 0666) = 257
37793 close(257)                        = 0
37782 openat(AT_FDCWD, "./remon.log", O_WRONLY|O_CREAT|O_APPEND, 0666) = 257
37782 close(257)                        = 0
37793 openat(AT_FDCWD, "./remon.log", O_WRONLY|O_CREAT|O_APPEND, 0666) = 257
37793 close(257)                        = 0
37782 openat(AT_FDCWD, "./remon.log", O_WRONLY|O_CREAT|O_APPEND, 0666) = 257
37782 close(257)                        = 0
37793 openat(AT_FDCWD, "./remon.log", O_WRONLY|O_CREAT|O_APPEND, 0666) = 257
37793 close(257)                        = 0
37782 openat(AT_FDCWD, "./remon.log", O_WRONLY|O_CREAT|O_APPEND, 0666) = 257
37782 close(257)                        = 0
37793 openat(AT_FDCWD, "./remon.log", O_WRONLY|O_CREAT|O_APPEND, 0666) = 257
37793 close(257)                        = 0
37782 openat(AT_FDCWD, "./remon.log", O_WRONLY|O_CREAT|O_APPEND, 0666) = 257
37782 close(257)                        = 0
37793 openat(AT_FDCWD, "./remon.log", O_WRONLY|O_CREAT|O_APPEND, 0666) = 257
37793 close(257)                        = 0
37782 openat(AT_FDCWD, "./remon.log", O_WRONLY|O_CREAT|O_APPEND, 0666) = 257
37782 close(257)                        = 0
37793 openat(AT_FDCWD, "./remon.log", O_WRONLY|O_CREAT|O_APPEND, 0666) = 257
37793 close(257)                        = 0
37782 openat(AT_FDCWD, "./remon.log", O_WRONLY|O_CREAT|O_APPEND, 0666) = 257
37782 close(257)                        = 0
37793 openat(AT_FDCWD, "./remon.log", O_WRONLY|O_CREAT|O_APPEND, 0666) = 257
37793 close(257)                        = 0
37782 openat(AT_FDCWD, "./remon.log", O_WRONLY|O_CREAT|O_APPEND, 0666) = 257
37782 close(257)                        = 0
37793 openat(AT_FDCWD, "./remon.log", O_WRONLY|O_CREAT|O_APPEND, 0666) = 257
37793 close(257)                        = 0
37782 openat(AT_FDCWD, "./remon.log", O_WRONLY|O_CREAT|O_APPEND, 0666) = 257
37782 close(257)                        = 0
37793 openat(AT_FDCWD, "./remon.log", O_WRONLY|O_CREAT|O_APPEND, 0666) = 257
37793 close(257)                        = 0
37782 openat(AT_FDCWD, "./remon.log", O_WRONLY|O_CREAT|O_APPEND, 0666) = 257
37782 close(257)                        = 0
37793 openat(AT_FDCWD, "./remon.log", O_WRONLY|O_CREAT|O_APPEND, 0666) = 257
37793 close(257)                        = 0
37782 openat(AT_FDCWD, "./remon.log", O_WRONLY|O_CREAT|O_APPEND, 0666) = 257
37782 close(257)                        = 0
37793 openat(AT_FDCWD, "./remon.log", O_WRONLY|O_CREAT|O_APPEND, 0666) = 257
37793 close(257)                        = 0
37782 openat(AT_FDCWD, "./remon.log", O_WRONLY|O_CREAT|O_APPEND, 0666) = 257
37782 close(257)                        = 0
37793 openat(AT_FDCWD, "./remon.log", O_WRONLY|O_CREAT|O_APPEND, 0666) = 257
37793 close(257)                        = 0
37782 openat(AT_FDCWD, "./remon.log", O_WRONLY|O_CREAT|O_APPEND, 0666) = 257
37782 close(257)                        = 0
37793 openat(AT_FDCWD, "./remon.log", O_WRONLY|O_CREAT|O_APPEND, 0666) = 257
37793 close(257)                        = 0
37782 openat(AT_FDCWD, "./remon.log", O_WRONLY|O_CREAT|O_APPEND, 0666) = 257
37782 close(257)                        = 0
37793 openat(AT_FDCWD, "./remon.log", O_WRONLY|O_CREAT|O_APPEND, 0666) = 257
37793 close(257)                        = 0
37782 openat(AT_FDCWD, "./remon.log", O_WRONLY|O_CREAT|O_APPEND, 0666) = 257
37782 close(257)                        = 0
37793 openat(AT_FDCWD, "./remon.log", O_WRONLY|O_CREAT|O_APPEND, 0666) = 257
37793 close(257)                        = 0
37782 openat(AT_FDCWD, "./remon.log", O_WRONLY|O_CREAT|O_APPEND, 0666) = 257
37782 close(257)                        = 0
37793 openat(AT_FDCWD, "./remon.log", O_WRONLY|O_CREAT|O_APPEND, 0666) = 257
37793 close(257)                        = 0
37782 openat(AT_FDCWD, "./remon.log", O_WRONLY|O_CREAT|O_APPEND, 0666) = 257
37782 close(257)                        = 0
37793 openat(AT_FDCWD, "./remon.log", O_WRONLY|O_CREAT|O_APPEND, 0666) = 257
37793 close(257)                        = 0
37782 openat(AT_FDCWD, "./remon.log", O_WRONLY|O_CREAT|O_APPEND, 0666) = 257
37782 close(257)                        = 0
37793 openat(AT_FDCWD, "./remon.log", O_WRONLY|O_CREAT|O_APPEND, 0666) = 257
37793 close(257)                        = 0
37782 openat(AT_FDCWD, "./remon.log", O_WRONLY|O_CREAT|O_APPEND, 0666) = 257
37782 close(257)                        = 0
37793 openat(AT_FDCWD, "./remon.log", O_WRONLY|O_CREAT|O_APPEND, 0666) = 257
37793 close(257)                        = 0
37782 openat(AT_FDCWD, "./remon.log", O_WRONLY|O_CREAT|O_APPEND, 0666) = 257
37782 close(257)                        = 0
37793 openat(AT_FDCWD, "./remon.log", O_WRONLY|O_CREAT|O_APPEND, 0666) = 257
37793 close(257)                        = 0
37782 openat(AT_FDCWD, "./remon.log", O_WRONLY|O_CREAT|O_APPEND, 0666) = 257
37782 close(257)                        = 0
37793 openat(AT_FDCWD, "./remon.log", O_WRONLY|O_CREAT|O_APPEND, 0666) = 257
37793 close(257)                        = 0
37782 openat(AT_FDCWD, "./remon.log", O_WRONLY|O_CREAT|O_APPEND, 0666) = 257
37782 close(257)                        = 0
37793 openat(AT_FDCWD, "./remon.log", O_WRONLY|O_CREAT|O_APPEND, 0666) = 257
37793 close(257)                        = 0
37782 openat(AT_FDCWD, "./remon.log", O_WRONLY|O_CREAT|O_APPEND, 0666) = 257
37782 close(257)                        = 0
37793 openat(AT_FDCWD, "./remon.log", O_WRONLY|O_CREAT|O_APPEND, 0666) = 257
37793 close(257)                        = 0
37782 openat(AT_FDCWD, "./remon.log", O_WRONLY|O_CREAT|O_APPEND, 0666) = 257
37782 close(257)                        = 0
37793 openat(AT_FDCWD, "./remon.log", O_WRONLY|O_CREAT|O_APPEND, 0666) = 257
37793 close(257)                        = 0
37782 openat(AT_FDCWD, "./remon.log", O_WRONLY|O_CREAT|O_APPEND, 0666) = 257
37782 close(257)                        = 0
37793 openat(AT_FDCWD, "./remon.log", O_WRONLY|O_CREAT|O_APPEND, 0666) = 257
37793 close(257)                        = 0
37782 openat(AT_FDCWD, "./remon.log", O_WRONLY|O_CREAT|O_APPEND, 0666) = 257
37782 close(257)                        = 0
37793 openat(AT_FDCWD, "./remon.log", O_WRONLY|O_CREAT|O_APPEND, 0666) = 257
37793 close(257)                        = 0
37782 openat(AT_FDCWD, "./remon.log", O_WRONLY|O_CREAT|O_APPEND, 0666) = 257
37782 close(257)                        = 0
37793 openat(AT_FDCWD, "./remon.log", O_WRONLY|O_CREAT|O_APPEND, 0666) = 257
37793 close(257)                        = 0
37782 openat(AT_FDCWD, "./remon.log", O_WRONLY|O_CREAT|O_APPEND, 0666) = 257
37782 close(257 <unfinished ...>
37783 openat(AT_FDCWD, "/proc/self/statm", O_RDONLY <unfinished ...>
37782 <... close resumed>)              = 0
37783 <... openat resumed>)             = 257
37783 close(257)                        = 0
37793 openat(AT_FDCWD, "./remon.log", O_WRONLY|O_CREAT|O_APPEND, 0666) = 257
37793 close(257)                        = 0
37782 openat(AT_FDCWD, "./remon.log", O_WRONLY|O_CREAT|O_APPEND, 0666) = 257
37782 close(257)                        = 0
37793 openat(AT_FDCWD, "./remon.log", O_WRONLY|O_CREAT|O_APPEND, 0666) = 257
37793 close(257)                        = 0
37782 openat(AT_FDCWD, "./remon.log", O_WRONLY|O_CREAT|O_APPEND, 0666) = 257
37782 close(257)                        = 0
37793 openat(AT_FDCWD, "./remon.log", O_WRONLY|O_CREAT|O_APPEND, 0666) = 257
37793 close(257)                        = 0
37782 openat(AT_FDCWD, "./remon.log", O_WRONLY|O_CREAT|O_APPEND, 0666) = 257
37782 close(257)                        = 0
37793 openat(AT_FDCWD, "./remon.log", O_WRONLY|O_CREAT|O_APPEND, 0666) = 257
37793 close(257)                        = 0
37782 openat(AT_FDCWD, "./remon.log", O_WRONLY|O_CREAT|O_APPEND, 0666) = 257
37782 close(257)                        = 0
37793 openat(AT_FDCWD, "./remon.log", O_WRONLY|O_CREAT|O_APPEND, 0666) = 257
37793 close(257)                        = 0
37782 openat(AT_FDCWD, "./remon.log", O_WRONLY|O_CREAT|O_APPEND, 0666) = 257
37782 close(257)                        = 0
37793 openat(AT_FDCWD, "./remon.log", O_WRONLY|O_CREAT|O_APPEND, 0666) = 257
37793 close(257)                        = 0
37782 openat(AT_FDCWD, "./remon.log", O_WRONLY|O_CREAT|O_APPEND, 0666) = 257
37782 close(257)                        = 0
37793 openat(AT_FDCWD, "./remon.log", O_WRONLY|O_CREAT|O_APPEND, 0666) = 257
37793 close(257)                        = 0
37782 openat(AT_FDCWD, "./remon.log", O_WRONLY|O_CREAT|O_APPEND, 0666) = 257
37782 close(257)                        = 0
37793 openat(AT_FDCWD, "./remon.log", O_WRONLY|O_CREAT|O_APPEND, 0666) = 257
37793 close(257)                        = 0
37782 openat(AT_FDCWD, "./remon.log", O_WRONLY|O_CREAT|O_APPEND, 0666) = 257
37782 close(257)                        = 0
37793 openat(AT_FDCWD, "./remon.log", O_WRONLY|O_CREAT|O_APPEND, 0666) = 257
37793 close(257)                        = 0
37782 openat(AT_FDCWD, "./remon.log", O_WRONLY|O_CREAT|O_APPEND, 0666) = 257
37782 close(257)                        = 0
37793 openat(AT_FDCWD, "./remon.log", O_WRONLY|O_CREAT|O_APPEND, 0666) = 257
37793 close(257)                        = 0
37782 openat(AT_FDCWD, "./remon.log", O_WRONLY|O_CREAT|O_APPEND, 0666) = 257
37782 close(257)                        = 0
37793 openat(AT_FDCWD, "./remon.log", O_WRONLY|O_CREAT|O_APPEND, 0666) = 257
37793 close(257)                        = 0
37782 openat(AT_FDCWD, "./remon.log", O_WRONLY|O_CREAT|O_APPEND, 0666) = 257
37782 close(257)                        = 0
37793 openat(AT_FDCWD, "./remon.log", O_WRONLY|O_CREAT|O_APPEND, 0666) = 257
37793 close(257)                        = 0
37782 openat(AT_FDCWD, "./remon.log", O_WRONLY|O_CREAT|O_APPEND, 0666) = 257
37782 close(257)                        = 0
37793 openat(AT_FDCWD, "./remon.log", O_WRONLY|O_CREAT|O_APPEND, 0666) = 257
37793 close(257)                        = 0
37782 openat(AT_FDCWD, "./remon.log", O_WRONLY|O_CREAT|O_APPEND, 0666) = 257
37782 close(257)                        = 0
37793 openat(AT_FDCWD, "./remon.log", O_WRONLY|O_CREAT|O_APPEND, 0666) = 257
37793 close(257)                        = 0
37782 openat(AT_FDCWD, "./remon.log", O_WRONLY|O_CREAT|O_APPEND, 0666) = 257
37782 close(257)                        = 0
37793 openat(AT_FDCWD, "./remon.log", O_WRONLY|O_CREAT|O_APPEND, 0666) = 257
37793 close(257)                        = 0
37782 openat(AT_FDCWD, "./remon.log", O_WRONLY|O_CREAT|O_APPEND, 0666) = 257
37782 close(257)                        = 0
37793 openat(AT_FDCWD, "./remon.log", O_WRONLY|O_CREAT|O_APPEND, 0666) = 257
37793 close(257)                        = 0
37782 openat(AT_FDCWD, "./remon.log", O_WRONLY|O_CREAT|O_APPEND, 0666) = 257
37782 close(257)                        = 0
37793 openat(AT_FDCWD, "./remon.log", O_WRONLY|O_CREAT|O_APPEND, 0666) = 257
37793 close(257)                        = 0
37782 openat(AT_FDCWD, "./remon.log", O_WRONLY|O_CREAT|O_APPEND, 0666) = 257
37782 close(257)                        = 0
37793 openat(AT_FDCWD, "./remon.log", O_WRONLY|O_CREAT|O_APPEND, 0666) = 257
37793 close(257)                        = 0
37782 openat(AT_FDCWD, "./remon.log", O_WRONLY|O_CREAT|O_APPEND, 0666) = 257
37782 close(257)                        = 0
37793 openat(AT_FDCWD, "./remon.log", O_WRONLY|O_CREAT|O_APPEND, 0666) = 257
37793 close(257)                        = 0
37782 openat(AT_FDCWD, "./remon.log", O_WRONLY|O_CREAT|O_APPEND, 0666) = 257
37782 close(257)                        = 0
37793 openat(AT_FDCWD, "./remon.log", O_WRONLY|O_CREAT|O_APPEND, 0666) = 257
37793 close(257)                        = 0
37782 openat(AT_FDCWD, "./remon.log", O_WRONLY|O_CREAT|O_APPEND, 0666) = 257
37782 close(257)                        = 0
37793 openat(AT_FDCWD, "./remon.log", O_WRONLY|O_CREAT|O_APPEND, 0666) = 257
37793 close(257)                        = 0
37782 openat(AT_FDCWD, "./remon.log", O_WRONLY|O_CREAT|O_APPEND, 0666) = 257
37782 close(257)                        = 0
37793 openat(AT_FDCWD, "./remon.log", O_WRONLY|O_CREAT|O_APPEND, 0666) = 257
37793 close(257)                        = 0
37782 openat(AT_FDCWD, "./remon.log", O_WRONLY|O_CREAT|O_APPEND, 0666) = 257
37782 close(257)                        = 0
37793 openat(AT_FDCWD, "./remon.log", O_WRONLY|O_CREAT|O_APPEND, 0666) = 257
37793 close(257)                        = 0
37782 openat(AT_FDCWD, "./remon.log", O_WRONLY|O_CREAT|O_APPEND, 0666) = 257
37782 close(257)                        = 0
37793 openat(AT_FDCWD, "./remon.log", O_WRONLY|O_CREAT|O_APPEND, 0666) = 257
37793 close(257)                        = 0
37782 openat(AT_FDCWD, "./remon.log", O_WRONLY|O_CREAT|O_APPEND, 0666) = 257
37782 close(257)                        = 0
37793 openat(AT_FDCWD, "./remon.log", O_WRONLY|O_CREAT|O_APPEND, 0666) = 257
37793 close(257)                        = 0
37782 openat(AT_FDCWD, "./remon.log", O_WRONLY|O_CREAT|O_APPEND, 0666) = 257
37782 close(257)                        = 0
37793 openat(AT_FDCWD, "./remon.log", O_WRONLY|O_CREAT|O_APPEND, 0666) = 257
37793 close(257)                        = 0
37782 openat(AT_FDCWD, "./remon.log", O_WRONLY|O_CREAT|O_APPEND, 0666) = 257
37782 close(257)                        = 0
37793 openat(AT_FDCWD, "./remon.log", O_WRONLY|O_CREAT|O_APPEND, 0666) = 257
37793 close(257)                        = 0
37782 openat(AT_FDCWD, "./remon.log", O_WRONLY|O_CREAT|O_APPEND, 0666) = 257
37782 close(257)                        = 0
37793 openat(AT_FDCWD, "./remon.log", O_WRONLY|O_CREAT|O_APPEND, 0666) = 257
37793 close(257)                        = 0
37782 openat(AT_FDCWD, "./remon.log", O_WRONLY|O_CREAT|O_APPEND, 0666) = 257
37782 close(257)                        = 0
37793 openat(AT_FDCWD, "./remon.log", O_WRONLY|O_CREAT|O_APPEND, 0666) = 257
37793 close(257)                        = 0
37782 openat(AT_FDCWD, "./remon.log", O_WRONLY|O_CREAT|O_APPEND, 0666) = 257
37782 close(257)                        = 0
37793 openat(AT_FDCWD, "./remon.log", O_WRONLY|O_CREAT|O_APPEND, 0666) = 257
37793 close(257)                        = 0
37782 openat(AT_FDCWD, "./remon.log", O_WRONLY|O_CREAT|O_APPEND, 0666) = 257
37782 close(257)                        = 0
37793 openat(AT_FDCWD, "./remon.log", O_WRONLY|O_CREAT|O_APPEND, 0666) = 257
37793 close(257)                        = 0
37782 openat(AT_FDCWD, "./remon.log", O_WRONLY|O_CREAT|O_APPEND, 0666) = 257
37782 close(257)                        = 0
37793 openat(AT_FDCWD, "./remon.log", O_WRONLY|O_CREAT|O_APPEND, 0666) = 257
37793 close(257)                        = 0
37782 openat(AT_FDCWD, "./remon.log", O_WRONLY|O_CREAT|O_APPEND, 0666) = 257
37782 close(257)                        = 0
37793 openat(AT_FDCWD, "./remon.log", O_WRONLY|O_CREAT|O_APPEND, 0666) = 257
37793 close(257)                        = 0
37782 openat(AT_FDCWD, "./remon.log", O_WRONLY|O_CREAT|O_APPEND, 0666) = 257
37782 close(257)                        = 0
37793 openat(AT_FDCWD, "./remon.log", O_WRONLY|O_CREAT|O_APPEND, 0666) = 257
37793 close(257)                        = 0
37782 openat(AT_FDCWD, "./remon.log", O_WRONLY|O_CREAT|O_APPEND, 0666) = 257
37782 close(257)                        = 0
37793 openat(AT_FDCWD, "./remon.log", O_WRONLY|O_CREAT|O_APPEND, 0666) = 257
37793 close(257)                        = 0
37782 openat(AT_FDCWD, "./remon.log", O_WRONLY|O_CREAT|O_APPEND, 0666) = 257
37782 close(257)                        = 0
37793 openat(AT_FDCWD, "./remon.log", O_WRONLY|O_CREAT|O_APPEND, 0666) = 257
37793 close(257)                        = 0
37782 openat(AT_FDCWD, "./remon.log", O_WRONLY|O_CREAT|O_APPEND, 0666) = 257
37782 close(257)                        = 0
37793 openat(AT_FDCWD, "./remon.log", O_WRONLY|O_CREAT|O_APPEND, 0666) = 257
37793 close(257)                        = 0
37782 openat(AT_FDCWD, "./remon.log", O_WRONLY|O_CREAT|O_APPEND, 0666) = 257
37782 close(257)                        = 0
37793 openat(AT_FDCWD, "./remon.log", O_WRONLY|O_CREAT|O_APPEND, 0666) = 257
37793 close(257)                        = 0
37782 openat(AT_FDCWD, "./remon.log", O_WRONLY|O_CREAT|O_APPEND, 0666) = 257
37782 close(257)                        = 0
37793 openat(AT_FDCWD, "./remon.log", O_WRONLY|O_CREAT|O_APPEND, 0666) = 257
37793 close(257)                        = 0
37782 openat(AT_FDCWD, "./remon.log", O_WRONLY|O_CREAT|O_APPEND, 0666) = 257
37782 close(257)                        = 0
37793 openat(AT_FDCWD, "./remon.log", O_WRONLY|O_CREAT|O_APPEND, 0666) = 257
37793 close(257)                        = 0
37782 openat(AT_FDCWD, "./remon.log", O_WRONLY|O_CREAT|O_APPEND, 0666) = 257
37782 close(257)                        = 0
37793 openat(AT_FDCWD, "./remon.log", O_WRONLY|O_CREAT|O_APPEND, 0666) = 257
37793 close(257)                        = 0
37782 openat(AT_FDCWD, "./remon.log", O_WRONLY|O_CREAT|O_APPEND, 0666) = 257
37782 close(257)                        = 0
37793 openat(AT_FDCWD, "./remon.log", O_WRONLY|O_CREAT|O_APPEND, 0666) = 257
37793 close(257)                        = 0
37782 openat(AT_FDCWD, "./remon.log", O_WRONLY|O_CREAT|O_APPEND, 0666) = 257
37782 close(257)                        = 0
37793 openat(AT_FDCWD, "./remon.log", O_WRONLY|O_CREAT|O_APPEND, 0666) = 257
37793 close(257)                        = 0
37782 openat(AT_FDCWD, "./remon.log", O_WRONLY|O_CREAT|O_APPEND, 0666) = 257
37782 close(257)                        = 0
37793 openat(AT_FDCWD, "./remon.log", O_WRONLY|O_CREAT|O_APPEND, 0666) = 257
37793 close(257)                        = 0
37782 openat(AT_FDCWD, "./remon.log", O_WRONLY|O_CREAT|O_APPEND, 0666) = 257
37782 close(257)                        = 0
37793 openat(AT_FDCWD, "./remon.log", O_WRONLY|O_CREAT|O_APPEND, 0666) = 257
37793 close(257)                        = 0
37782 openat(AT_FDCWD, "./remon.log", O_WRONLY|O_CREAT|O_APPEND, 0666) = 257
37782 close(257)                        = 0
37793 openat(AT_FDCWD, "./remon.log", O_WRONLY|O_CREAT|O_APPEND, 0666) = 257
37793 close(257)                        = 0
37782 openat(AT_FDCWD, "./remon.log", O_WRONLY|O_CREAT|O_APPEND, 0666) = 257
37782 close(257)                        = 0
37793 openat(AT_FDCWD, "./remon.log", O_WRONLY|O_CREAT|O_APPEND, 0666) = 257
37793 close(257)                        = 0
37782 openat(AT_FDCWD, "./remon.log", O_WRONLY|O_CREAT|O_APPEND, 0666) = 257
37782 close(257)                        = 0
37793 openat(AT_FDCWD, "./remon.log", O_WRONLY|O_CREAT|O_APPEND, 0666) = 257
37793 close(257)                        = 0
37782 openat(AT_FDCWD, "./remon.log", O_WRONLY|O_CREAT|O_APPEND, 0666) = 257
37782 close(257)                        = 0
37793 openat(AT_FDCWD, "./remon.log", O_WRONLY|O_CREAT|O_APPEND, 0666) = 257
37793 close(257)                        = 0
37782 openat(AT_FDCWD, "./remon.log", O_WRONLY|O_CREAT|O_APPEND, 0666) = 257
37782 close(257)                        = 0
37793 openat(AT_FDCWD, "./remon.log", O_WRONLY|O_CREAT|O_APPEND, 0666) = 257
37793 close(257)                        = 0
37782 openat(AT_FDCWD, "./remon.log", O_WRONLY|O_CREAT|O_APPEND, 0666) = 257
37782 close(257)                        = 0
37783 openat(AT_FDCWD, "/proc/self/statm", O_RDONLY) = 257
37793 openat(AT_FDCWD, "./remon.log", O_WRONLY|O_CREAT|O_APPEND, 0666) = 341
37783 close(257)                        = 0
37793 close(341)                        = 0
37782 openat(AT_FDCWD, "./remon.log", O_WRONLY|O_CREAT|O_APPEND, 0666) = 257
37782 close(257)                        = 0
37793 openat(AT_FDCWD, "./remon.log", O_WRONLY|O_CREAT|O_APPEND, 0666) = 257
37793 close(257)                        = 0
37782 openat(AT_FDCWD, "./remon.log", O_WRONLY|O_CREAT|O_APPEND, 0666) = 257
37782 close(257)                        = 0
37793 openat(AT_FDCWD, "./remon.log", O_WRONLY|O_CREAT|O_APPEND, 0666) = 257
37793 close(257)                        = 0
37782 openat(AT_FDCWD, "./remon.log", O_WRONLY|O_CREAT|O_APPEND, 0666) = 257
37782 close(257)                        = 0
37793 openat(AT_FDCWD, "./remon.log", O_WRONLY|O_CREAT|O_APPEND, 0666) = 257
37793 close(257)                        = 0
37782 openat(AT_FDCWD, "./remon.log", O_WRONLY|O_CREAT|O_APPEND, 0666) = 257
37782 close(257)                        = 0
37793 openat(AT_FDCWD, "./remon.log", O_WRONLY|O_CREAT|O_APPEND, 0666) = 257
37793 close(257)                        = 0
37782 openat(AT_FDCWD, "./remon.log", O_WRONLY|O_CREAT|O_APPEND, 0666) = 257
37782 close(257)                        = 0
37793 openat(AT_FDCWD, "./remon.log", O_WRONLY|O_CREAT|O_APPEND, 0666) = 257
37793 close(257)                        = 0
37782 openat(AT_FDCWD, "./remon.log", O_WRONLY|O_CREAT|O_APPEND, 0666) = 257
37782 close(257)                        = 0
37793 openat(AT_FDCWD, "./remon.log", O_WRONLY|O_CREAT|O_APPEND, 0666) = 257
37793 close(257)                        = 0
37782 openat(AT_FDCWD, "./remon.log", O_WRONLY|O_CREAT|O_APPEND, 0666) = 257
37782 close(257)                        = 0
37793 openat(AT_FDCWD, "./remon.log", O_WRONLY|O_CREAT|O_APPEND, 0666) = 257
37793 close(257)                        = 0
37782 openat(AT_FDCWD, "./remon.log", O_WRONLY|O_CREAT|O_APPEND, 0666) = 257
37782 close(257)                        = 0
37793 openat(AT_FDCWD, "./remon.log", O_WRONLY|O_CREAT|O_APPEND, 0666) = 257
37793 close(257)                        = 0
37782 openat(AT_FDCWD, "./remon.log", O_WRONLY|O_CREAT|O_APPEND, 0666) = 257
37782 close(257)                        = 0
37793 openat(AT_FDCWD, "./remon.log", O_WRONLY|O_CREAT|O_APPEND, 0666) = 257
37793 close(257)                        = 0
37782 openat(AT_FDCWD, "./remon.log", O_WRONLY|O_CREAT|O_APPEND, 0666) = 257
37782 close(257)                        = 0
37793 openat(AT_FDCWD, "./remon.log", O_WRONLY|O_CREAT|O_APPEND, 0666) = 257
37793 close(257)                        = 0
37782 openat(AT_FDCWD, "./remon.log", O_WRONLY|O_CREAT|O_APPEND, 0666) = 257
37782 close(257)                        = 0
37793 openat(AT_FDCWD, "./remon.log", O_WRONLY|O_CREAT|O_APPEND, 0666) = 257
37793 close(257)                        = 0
37782 openat(AT_FDCWD, "./remon.log", O_WRONLY|O_CREAT|O_APPEND, 0666) = 257
37782 close(257)                        = 0
37793 openat(AT_FDCWD, "./remon.log", O_WRONLY|O_CREAT|O_APPEND, 0666) = 257
37793 close(257)                        = 0
37782 openat(AT_FDCWD, "./remon.log", O_WRONLY|O_CREAT|O_APPEND, 0666) = 257
37782 close(257)                        = 0
37793 openat(AT_FDCWD, "./remon.log", O_WRONLY|O_CREAT|O_APPEND, 0666) = 257
37793 close(257)                        = 0
37782 openat(AT_FDCWD, "./remon.log", O_WRONLY|O_CREAT|O_APPEND, 0666) = 257
37782 close(257)                        = 0
37793 openat(AT_FDCWD, "./remon.log", O_WRONLY|O_CREAT|O_APPEND, 0666) = 257
37793 close(257)                        = 0
37782 openat(AT_FDCWD, "./remon.log", O_WRONLY|O_CREAT|O_APPEND, 0666) = 257
37782 close(257)                        = 0
37793 openat(AT_FDCWD, "./remon.log", O_WRONLY|O_CREAT|O_APPEND, 0666) = 257
37793 close(257)                        = 0
37782 openat(AT_FDCWD, "./remon.log", O_WRONLY|O_CREAT|O_APPEND, 0666) = 257
37782 close(257)                        = 0
37793 openat(AT_FDCWD, "./remon.log", O_WRONLY|O_CREAT|O_APPEND, 0666) = 257
37793 close(257)                        = 0
37782 openat(AT_FDCWD, "./remon.log", O_WRONLY|O_CREAT|O_APPEND, 0666) = 257
37782 close(257)                        = 0
37793 openat(AT_FDCWD, "./remon.log", O_WRONLY|O_CREAT|O_APPEND, 0666) = 257
37793 close(257)                        = 0
37782 openat(AT_FDCWD, "./remon.log", O_WRONLY|O_CREAT|O_APPEND, 0666) = 257
37782 close(257)                        = 0
37793 openat(AT_FDCWD, "./remon.log", O_WRONLY|O_CREAT|O_APPEND, 0666) = 257
37793 close(257)                        = 0
37782 openat(AT_FDCWD, "./remon.log", O_WRONLY|O_CREAT|O_APPEND, 0666) = 257
37782 close(257)                        = 0
37793 openat(AT_FDCWD, "./remon.log", O_WRONLY|O_CREAT|O_APPEND, 0666) = 257
37793 close(257)                        = 0
37782 openat(AT_FDCWD, "./remon.log", O_WRONLY|O_CREAT|O_APPEND, 0666) = 257
37782 close(257)                        = 0
37793 openat(AT_FDCWD, "./remon.log", O_WRONLY|O_CREAT|O_APPEND, 0666) = 257
37793 close(257)                        = 0
37782 openat(AT_FDCWD, "./remon.log", O_WRONLY|O_CREAT|O_APPEND, 0666) = 257
37782 close(257)                        = 0
37793 openat(AT_FDCWD, "./remon.log", O_WRONLY|O_CREAT|O_APPEND, 0666) = 257
37793 close(257)                        = 0
37782 openat(AT_FDCWD, "./remon.log", O_WRONLY|O_CREAT|O_APPEND, 0666) = 257
37782 close(257)                        = 0
37793 openat(AT_FDCWD, "./remon.log", O_WRONLY|O_CREAT|O_APPEND, 0666) = 257
37793 close(257)                        = 0
37782 openat(AT_FDCWD, "./remon.log", O_WRONLY|O_CREAT|O_APPEND, 0666) = 257
37782 close(257)                        = 0
37793 openat(AT_FDCWD, "./remon.log", O_WRONLY|O_CREAT|O_APPEND, 0666) = 257
37793 close(257)                        = 0
37782 openat(AT_FDCWD, "./remon.log", O_WRONLY|O_CREAT|O_APPEND, 0666) = 257
37782 close(257)                        = 0
37793 openat(AT_FDCWD, "./remon.log", O_WRONLY|O_CREAT|O_APPEND, 0666) = 257
37793 close(257)                        = 0
37782 openat(AT_FDCWD, "./remon.log", O_WRONLY|O_CREAT|O_APPEND, 0666) = 257
37782 close(257)                        = 0
37793 openat(AT_FDCWD, "./remon.log", O_WRONLY|O_CREAT|O_APPEND, 0666) = 257
37793 close(257)                        = 0
37782 openat(AT_FDCWD, "./remon.log", O_WRONLY|O_CREAT|O_APPEND, 0666) = 257
37782 close(257)                        = 0
37793 openat(AT_FDCWD, "./remon.log", O_WRONLY|O_CREAT|O_APPEND, 0666) = 257
37793 close(257)                        = 0
37782 openat(AT_FDCWD, "./remon.log", O_WRONLY|O_CREAT|O_APPEND, 0666) = 257
37782 close(257)                        = 0
37793 openat(AT_FDCWD, "./remon.log", O_WRONLY|O_CREAT|O_APPEND, 0666) = 257
37793 close(257)                        = 0
37782 openat(AT_FDCWD, "./remon.log", O_WRONLY|O_CREAT|O_APPEND, 0666) = 257
37782 close(257)                        = 0
37793 openat(AT_FDCWD, "./remon.log", O_WRONLY|O_CREAT|O_APPEND, 0666) = 257
37793 close(257)                        = 0
37782 openat(AT_FDCWD, "./remon.log", O_WRONLY|O_CREAT|O_APPEND, 0666) = 257
37782 close(257)                        = 0
37793 openat(AT_FDCWD, "./remon.log", O_WRONLY|O_CREAT|O_APPEND, 0666) = 257
37793 close(257)                        = 0
37782 openat(AT_FDCWD, "./remon.log", O_WRONLY|O_CREAT|O_APPEND, 0666) = 257
37782 close(257)                        = 0
37793 openat(AT_FDCWD, "./remon.log", O_WRONLY|O_CREAT|O_APPEND, 0666) = 257
37793 close(257)                        = 0
37782 openat(AT_FDCWD, "./remon.log", O_WRONLY|O_CREAT|O_APPEND, 0666) = 257
37782 close(257)                        = 0
37793 openat(AT_FDCWD, "./remon.log", O_WRONLY|O_CREAT|O_APPEND, 0666) = 257
37793 close(257)                        = 0
37782 openat(AT_FDCWD, "./remon.log", O_WRONLY|O_CREAT|O_APPEND, 0666) = 257
37782 close(257)                        = 0
37793 openat(AT_FDCWD, "./remon.log", O_WRONLY|O_CREAT|O_APPEND, 0666) = 257
37793 close(257)                        = 0
37782 openat(AT_FDCWD, "./remon.log", O_WRONLY|O_CREAT|O_APPEND, 0666) = 257
37782 close(257)                        = 0
37793 openat(AT_FDCWD, "./remon.log", O_WRONLY|O_CREAT|O_APPEND, 0666) = 257
37793 close(257)                        = 0
37782 openat(AT_FDCWD, "./remon.log", O_WRONLY|O_CREAT|O_APPEND, 0666) = 257
37782 close(257)                        = 0
37793 openat(AT_FDCWD, "./remon.log", O_WRONLY|O_CREAT|O_APPEND, 0666) = 257
37793 close(257)                        = 0
37782 openat(AT_FDCWD, "./remon.log", O_WRONLY|O_CREAT|O_APPEND, 0666) = 257
37782 close(257)                        = 0
37793 openat(AT_FDCWD, "./remon.log", O_WRONLY|O_CREAT|O_APPEND, 0666) = 257
37793 close(257)                        = 0
37782 openat(AT_FDCWD, "./remon.log", O_WRONLY|O_CREAT|O_APPEND, 0666) = 257
37782 close(257)                        = 0
37793 openat(AT_FDCWD, "./remon.log", O_WRONLY|O_CREAT|O_APPEND, 0666) = 257
37793 close(257)                        = 0
37782 openat(AT_FDCWD, "./remon.log", O_WRONLY|O_CREAT|O_APPEND, 0666) = 257
37782 close(257)                        = 0
37793 openat(AT_FDCWD, "./remon.log", O_WRONLY|O_CREAT|O_APPEND, 0666) = 257
37793 close(257)                        = 0
37782 openat(AT_FDCWD, "./remon.log", O_WRONLY|O_CREAT|O_APPEND, 0666) = 257
37782 close(257)                        = 0
37793 openat(AT_FDCWD, "./remon.log", O_WRONLY|O_CREAT|O_APPEND, 0666) = 257
37793 close(257)                        = 0
37782 openat(AT_FDCWD, "./remon.log", O_WRONLY|O_CREAT|O_APPEND, 0666) = 257
37782 close(257)                        = 0
37793 openat(AT_FDCWD, "./remon.log", O_WRONLY|O_CREAT|O_APPEND, 0666) = 257
37793 close(257)                        = 0
37782 openat(AT_FDCWD, "./remon.log", O_WRONLY|O_CREAT|O_APPEND, 0666) = 257
37782 close(257)                        = 0
37793 openat(AT_FDCWD, "./remon.log", O_WRONLY|O_CREAT|O_APPEND, 0666) = 257
37793 close(257)                        = 0
37782 openat(AT_FDCWD, "./remon.log", O_WRONLY|O_CREAT|O_APPEND, 0666) = 257
37782 close(257)                        = 0
37793 openat(AT_FDCWD, "./remon.log", O_WRONLY|O_CREAT|O_APPEND, 0666) = 257
37793 close(257)                        = 0
37782 openat(AT_FDCWD, "./remon.log", O_WRONLY|O_CREAT|O_APPEND, 0666) = 257
37782 close(257)                        = 0
37793 openat(AT_FDCWD, "./remon.log", O_WRONLY|O_CREAT|O_APPEND, 0666) = 257
37793 close(257)                        = 0
37782 openat(AT_FDCWD, "./remon.log", O_WRONLY|O_CREAT|O_APPEND, 0666) = 257
37782 close(257)                        = 0
37793 openat(AT_FDCWD, "./remon.log", O_WRONLY|O_CREAT|O_APPEND, 0666) = 257
37793 close(257)                        = 0
37782 openat(AT_FDCWD, "./remon.log", O_WRONLY|O_CREAT|O_APPEND, 0666) = 257
37782 close(257)                        = 0
37793 openat(AT_FDCWD, "./remon.log", O_WRONLY|O_CREAT|O_APPEND, 0666) = 257
37793 close(257)                        = 0
37782 openat(AT_FDCWD, "./remon.log", O_WRONLY|O_CREAT|O_APPEND, 0666) = 257
37782 close(257)                        = 0
37793 openat(AT_FDCWD, "./remon.log", O_WRONLY|O_CREAT|O_APPEND, 0666) = 257
37793 close(257)                        = 0
37782 openat(AT_FDCWD, "./remon.log", O_WRONLY|O_CREAT|O_APPEND, 0666) = 257
37782 close(257)                        = 0
37793 openat(AT_FDCWD, "./remon.log", O_WRONLY|O_CREAT|O_APPEND, 0666) = 257
37793 close(257)                        = 0
37782 openat(AT_FDCWD, "./remon.log", O_WRONLY|O_CREAT|O_APPEND, 0666) = 257
37782 close(257)                        = 0
37793 openat(AT_FDCWD, "./remon.log", O_WRONLY|O_CREAT|O_APPEND, 0666) = 257
37793 close(257)                        = 0
37782 openat(AT_FDCWD, "./remon.log", O_WRONLY|O_CREAT|O_APPEND, 0666) = 257
37782 close(257)                        = 0
37793 openat(AT_FDCWD, "./remon.log", O_WRONLY|O_CREAT|O_APPEND, 0666) = 257
37793 close(257)                        = 0
37782 openat(AT_FDCWD, "./remon.log", O_WRONLY|O_CREAT|O_APPEND, 0666) = 257
37782 close(257)                        = 0
37793 openat(AT_FDCWD, "./remon.log", O_WRONLY|O_CREAT|O_APPEND, 0666) = 257
37793 close(257)                        = 0
37782 openat(AT_FDCWD, "./remon.log", O_WRONLY|O_CREAT|O_APPEND, 0666) = 257
37782 close(257)                        = 0
37793 openat(AT_FDCWD, "./remon.log", O_WRONLY|O_CREAT|O_APPEND, 0666) = 257
37793 close(257)                        = 0
37782 openat(AT_FDCWD, "./remon.log", O_WRONLY|O_CREAT|O_APPEND, 0666) = 257
37782 close(257)                        = 0
37793 openat(AT_FDCWD, "./remon.log", O_WRONLY|O_CREAT|O_APPEND, 0666) = 257
37793 close(257)                        = 0
37782 openat(AT_FDCWD, "./remon.log", O_WRONLY|O_CREAT|O_APPEND, 0666) = 257
37782 close(257)                        = 0
37793 openat(AT_FDCWD, "./remon.log", O_WRONLY|O_CREAT|O_APPEND, 0666) = 257
37793 close(257)                        = 0
37782 openat(AT_FDCWD, "./remon.log", O_WRONLY|O_CREAT|O_APPEND, 0666) = 257
37782 close(257)                        = 0
37793 openat(AT_FDCWD, "./remon.log", O_WRONLY|O_CREAT|O_APPEND, 0666) = 257
37793 close(257)                        = 0
37782 openat(AT_FDCWD, "./remon.log", O_WRONLY|O_CREAT|O_APPEND, 0666) = 257
37782 close(257)                        = 0
37793 openat(AT_FDCWD, "./remon.log", O_WRONLY|O_CREAT|O_APPEND, 0666) = 257
37793 close(257)                        = 0
37782 openat(AT_FDCWD, "./remon.log", O_WRONLY|O_CREAT|O_APPEND, 0666) = 257
37782 close(257)                        = 0
37783 openat(AT_FDCWD, "/proc/self/statm", O_RDONLY) = 257
37793 openat(AT_FDCWD, "./remon.log", O_WRONLY|O_CREAT|O_APPEND, 0666) = 396
37783 close(257)                        = 0
37793 close(396)                        = 0
37782 openat(AT_FDCWD, "./remon.log", O_WRONLY|O_CREAT|O_APPEND, 0666) = 257
37782 close(257)                        = 0
37793 openat(AT_FDCWD, "./remon.log", O_WRONLY|O_CREAT|O_APPEND, 0666) = 257
37793 close(257)                        = 0
37782 openat(AT_FDCWD, "./remon.log", O_WRONLY|O_CREAT|O_APPEND, 0666) = 257
37782 close(257)                        = 0
37793 openat(AT_FDCWD, "./remon.log", O_WRONLY|O_CREAT|O_APPEND, 0666) = 257
37793 close(257)                        = 0
37782 openat(AT_FDCWD, "./remon.log", O_WRONLY|O_CREAT|O_APPEND, 0666) = 257
37782 close(257)                        = 0
37793 openat(AT_FDCWD, "./remon.log", O_WRONLY|O_CREAT|O_APPEND, 0666) = 257
37793 close(257)                        = 0
37782 openat(AT_FDCWD, "./remon.log", O_WRONLY|O_CREAT|O_APPEND, 0666) = 257
37782 close(257)                        = 0
37793 openat(AT_FDCWD, "./remon.log", O_WRONLY|O_CREAT|O_APPEND, 0666) = 257
37793 close(257)                        = 0
37782 openat(AT_FDCWD, "./remon.log", O_WRONLY|O_CREAT|O_APPEND, 0666) = 257
37782 close(257)                        = 0
37793 openat(AT_FDCWD, "./remon.log", O_WRONLY|O_CREAT|O_APPEND, 0666) = 257
37793 close(257)                        = 0
37782 openat(AT_FDCWD, "./remon.log", O_WRONLY|O_CREAT|O_APPEND, 0666) = 257
37782 close(257)                        = 0
37793 openat(AT_FDCWD, "./remon.log", O_WRONLY|O_CREAT|O_APPEND, 0666) = 257
37793 close(257)                        = 0
37782 openat(AT_FDCWD, "./remon.log", O_WRONLY|O_CREAT|O_APPEND, 0666) = 257
37782 close(257)                        = 0
37793 openat(AT_FDCWD, "./remon.log", O_WRONLY|O_CREAT|O_APPEND, 0666) = 257
37793 close(257)                        = 0
37782 openat(AT_FDCWD, "./remon.log", O_WRONLY|O_CREAT|O_APPEND, 0666) = 257
37782 close(257)                        = 0
37793 openat(AT_FDCWD, "./remon.log", O_WRONLY|O_CREAT|O_APPEND, 0666) = 257
37793 close(257)                        = 0
37782 openat(AT_FDCWD, "./remon.log", O_WRONLY|O_CREAT|O_APPEND, 0666) = 257
37782 close(257)                        = 0
37793 openat(AT_FDCWD, "./remon.log", O_WRONLY|O_CREAT|O_APPEND, 0666) = 257
37793 close(257)                        = 0
37782 openat(AT_FDCWD, "./remon.log", O_WRONLY|O_CREAT|O_APPEND, 0666) = 257
37782 close(257)                        = 0
37793 openat(AT_FDCWD, "./remon.log", O_WRONLY|O_CREAT|O_APPEND, 0666) = 257
37793 close(257)                        = 0
37782 openat(AT_FDCWD, "./remon.log", O_WRONLY|O_CREAT|O_APPEND, 0666) = 257
37782 close(257)                        = 0
37793 openat(AT_FDCWD, "./remon.log", O_WRONLY|O_CREAT|O_APPEND, 0666) = 257
37793 close(257)                        = 0
37782 openat(AT_FDCWD, "./remon.log", O_WRONLY|O_CREAT|O_APPEND, 0666) = 257
37782 close(257)                        = 0
37793 openat(AT_FDCWD, "./remon.log", O_WRONLY|O_CREAT|O_APPEND, 0666) = 257
37793 close(257)                        = 0
37782 openat(AT_FDCWD, "./remon.log", O_WRONLY|O_CREAT|O_APPEND, 0666) = 257
37782 close(257)                        = 0
37793 openat(AT_FDCWD, "./remon.log", O_WRONLY|O_CREAT|O_APPEND, 0666) = 257
37793 close(257)                        = 0
37782 openat(AT_FDCWD, "./remon.log", O_WRONLY|O_CREAT|O_APPEND, 0666) = 257
37782 close(257)                        = 0
37793 openat(AT_FDCWD, "./remon.log", O_WRONLY|O_CREAT|O_APPEND, 0666) = 257
37793 close(257)                        = 0
37782 openat(AT_FDCWD, "./remon.log", O_WRONLY|O_CREAT|O_APPEND, 0666) = 257
37782 close(257)                        = 0
37793 openat(AT_FDCWD, "./remon.log", O_WRONLY|O_CREAT|O_APPEND, 0666) = 257
37793 close(257)                        = 0
37782 openat(AT_FDCWD, "./remon.log", O_WRONLY|O_CREAT|O_APPEND, 0666) = 257
37782 close(257)                        = 0
37793 openat(AT_FDCWD, "./remon.log", O_WRONLY|O_CREAT|O_APPEND, 0666) = 257
37793 close(257)                        = 0
37782 openat(AT_FDCWD, "./remon.log", O_WRONLY|O_CREAT|O_APPEND, 0666) = 257
37782 close(257)                        = 0
37793 openat(AT_FDCWD, "./remon.log", O_WRONLY|O_CREAT|O_APPEND, 0666) = 257
37793 close(257)                        = 0
37782 openat(AT_FDCWD, "./remon.log", O_WRONLY|O_CREAT|O_APPEND, 0666) = 257
37782 close(257)                        = 0
37793 openat(AT_FDCWD, "./remon.log", O_WRONLY|O_CREAT|O_APPEND, 0666) = 257
37793 close(257)                        = 0
37782 openat(AT_FDCWD, "./remon.log", O_WRONLY|O_CREAT|O_APPEND, 0666) = 257
37782 close(257)                        = 0
37793 openat(AT_FDCWD, "./remon.log", O_WRONLY|O_CREAT|O_APPEND, 0666) = 257
37793 close(257)                        = 0
37782 openat(AT_FDCWD, "./remon.log", O_WRONLY|O_CREAT|O_APPEND, 0666) = 257
37782 close(257)                        = 0
37793 openat(AT_FDCWD, "./remon.log", O_WRONLY|O_CREAT|O_APPEND, 0666) = 257
37793 close(257)                        = 0
37782 openat(AT_FDCWD, "./remon.log", O_WRONLY|O_CREAT|O_APPEND, 0666) = 257
37782 close(257)                        = 0
37793 openat(AT_FDCWD, "./remon.log", O_WRONLY|O_CREAT|O_APPEND, 0666) = 257
37793 close(257)                        = 0
37782 openat(AT_FDCWD, "./remon.log", O_WRONLY|O_CREAT|O_APPEND, 0666) = 257
37782 close(257)                        = 0
37793 openat(AT_FDCWD, "./remon.log", O_WRONLY|O_CREAT|O_APPEND, 0666) = 257
37793 close(257)                        = 0
37782 openat(AT_FDCWD, "./remon.log", O_WRONLY|O_CREAT|O_APPEND, 0666) = 257
37782 close(257)                        = 0
37793 openat(AT_FDCWD, "./remon.log", O_WRONLY|O_CREAT|O_APPEND, 0666) = 257
37793 close(257)                        = 0
37782 openat(AT_FDCWD, "./remon.log", O_WRONLY|O_CREAT|O_APPEND, 0666) = 257
37782 close(257)                        = 0
37793 openat(AT_FDCWD, "./remon.log", O_WRONLY|O_CREAT|O_APPEND, 0666) = 257
37793 close(257)                        = 0
37782 openat(AT_FDCWD, "./remon.log", O_WRONLY|O_CREAT|O_APPEND, 0666) = 257
37782 close(257)                        = 0
37793 openat(AT_FDCWD, "./remon.log", O_WRONLY|O_CREAT|O_APPEND, 0666) = 257
37793 close(257)                        = 0
37782 openat(AT_FDCWD, "./remon.log", O_WRONLY|O_CREAT|O_APPEND, 0666) = 257
37782 close(257)                        = 0
37793 openat(AT_FDCWD, "./remon.log", O_WRONLY|O_CREAT|O_APPEND, 0666) = 257
37793 close(257)                        = 0
37782 openat(AT_FDCWD, "./remon.log", O_WRONLY|O_CREAT|O_APPEND, 0666) = 257
37782 close(257)                        = 0
37793 openat(AT_FDCWD, "./remon.log", O_WRONLY|O_CREAT|O_APPEND, 0666) = 257
37793 close(257)                        = 0
37782 openat(AT_FDCWD, "./remon.log", O_WRONLY|O_CREAT|O_APPEND, 0666) = 257
37782 close(257)                        = 0
37793 openat(AT_FDCWD, "./remon.log", O_WRONLY|O_CREAT|O_APPEND, 0666) = 257
37793 close(257)                        = 0
37782 openat(AT_FDCWD, "./remon.log", O_WRONLY|O_CREAT|O_APPEND, 0666) = 257
37782 close(257)                        = 0
37793 openat(AT_FDCWD, "./remon.log", O_WRONLY|O_CREAT|O_APPEND, 0666) = 257
37793 close(257)                        = 0
37782 openat(AT_FDCWD, "./remon.log", O_WRONLY|O_CREAT|O_APPEND, 0666) = 257
37782 close(257)                        = 0
37793 openat(AT_FDCWD, "./remon.log", O_WRONLY|O_CREAT|O_APPEND, 0666) = 257
37793 close(257)                        = 0
37782 openat(AT_FDCWD, "./remon.log", O_WRONLY|O_CREAT|O_APPEND, 0666) = 257
37782 close(257)                        = 0
37793 openat(AT_FDCWD, "./remon.log", O_WRONLY|O_CREAT|O_APPEND, 0666) = 257
37793 close(257)                        = 0
37782 openat(AT_FDCWD, "./remon.log", O_WRONLY|O_CREAT|O_APPEND, 0666) = 257
37782 close(257)                        = 0
37793 openat(AT_FDCWD, "./remon.log", O_WRONLY|O_CREAT|O_APPEND, 0666) = 257
37793 close(257)                        = 0
37782 openat(AT_FDCWD, "./remon.log", O_WRONLY|O_CREAT|O_APPEND, 0666) = 257
37782 close(257)                        = 0
37793 openat(AT_FDCWD, "./remon.log", O_WRONLY|O_CREAT|O_APPEND, 0666) = 257
37793 close(257)                        = 0
37782 openat(AT_FDCWD, "./remon.log", O_WRONLY|O_CREAT|O_APPEND, 0666) = 257
37782 close(257)                        = 0
37793 openat(AT_FDCWD, "./remon.log", O_WRONLY|O_CREAT|O_APPEND, 0666) = 257
37793 close(257)                        = 0
37782 openat(AT_FDCWD, "./remon.log", O_WRONLY|O_CREAT|O_APPEND, 0666) = 257
37782 close(257)                        = 0
37793 openat(AT_FDCWD, "./remon.log", O_WRONLY|O_CREAT|O_APPEND, 0666) = 257
37793 close(257)                        = 0
37782 openat(AT_FDCWD, "./remon.log", O_WRONLY|O_CREAT|O_APPEND, 0666) = 257
37782 close(257)                        = 0
37793 openat(AT_FDCWD, "./remon.log", O_WRONLY|O_CREAT|O_APPEND, 0666) = 257
37793 close(257)                        = 0
37782 openat(AT_FDCWD, "./remon.log", O_WRONLY|O_CREAT|O_APPEND, 0666) = 257
37782 close(257)                        = 0
37793 openat(AT_FDCWD, "./remon.log", O_WRONLY|O_CREAT|O_APPEND, 0666) = 257
37793 close(257)                        = 0
37782 openat(AT_FDCWD, "./remon.log", O_WRONLY|O_CREAT|O_APPEND, 0666) = 257
37782 close(257)                        = 0
37793 openat(AT_FDCWD, "./remon.log", O_WRONLY|O_CREAT|O_APPEND, 0666) = 257
37793 close(257)                        = 0
37782 openat(AT_FDCWD, "./remon.log", O_WRONLY|O_CREAT|O_APPEND, 0666) = 257
37782 close(257)                        = 0
37793 openat(AT_FDCWD, "./remon.log", O_WRONLY|O_CREAT|O_APPEND, 0666) = 257
37793 close(257)                        = 0
37782 openat(AT_FDCWD, "./remon.log", O_WRONLY|O_CREAT|O_APPEND, 0666) = 257
37782 close(257)                        = 0
37793 openat(AT_FDCWD, "./remon.log", O_WRONLY|O_CREAT|O_APPEND, 0666) = 257
37793 close(257)                        = 0
37782 openat(AT_FDCWD, "./remon.log", O_WRONLY|O_CREAT|O_APPEND, 0666) = 257
37782 close(257)                        = 0
37793 openat(AT_FDCWD, "./remon.log", O_WRONLY|O_CREAT|O_APPEND, 0666) = 257
37793 close(257)                        = 0
37782 openat(AT_FDCWD, "./remon.log", O_WRONLY|O_CREAT|O_APPEND, 0666) = 257
37782 close(257)                        = 0
37793 openat(AT_FDCWD, "./remon.log", O_WRONLY|O_CREAT|O_APPEND, 0666) = 257
37793 close(257)                        = 0
37782 openat(AT_FDCWD, "./remon.log", O_WRONLY|O_CREAT|O_APPEND, 0666) = 257
37782 close(257)                        = 0
37793 openat(AT_FDCWD, "./remon.log", O_WRONLY|O_CREAT|O_APPEND, 0666) = 257
37793 close(257)                        = 0
37782 openat(AT_FDCWD, "./remon.log", O_WRONLY|O_CREAT|O_APPEND, 0666) = 257
37782 close(257)                        = 0
37793 openat(AT_FDCWD, "./remon.log", O_WRONLY|O_CREAT|O_APPEND, 0666) = 257
37793 close(257)                        = 0
37782 openat(AT_FDCWD, "./remon.log", O_WRONLY|O_CREAT|O_APPEND, 0666) = 257
37782 close(257)                        = 0
37793 openat(AT_FDCWD, "./remon.log", O_WRONLY|O_CREAT|O_APPEND, 0666) = 257
37793 close(257)                        = 0
37782 openat(AT_FDCWD, "./remon.log", O_WRONLY|O_CREAT|O_APPEND, 0666) = 257
37782 close(257)                        = 0
37793 openat(AT_FDCWD, "./remon.log", O_WRONLY|O_CREAT|O_APPEND, 0666) = 257
37793 close(257)                        = 0
37782 openat(AT_FDCWD, "./remon.log", O_WRONLY|O_CREAT|O_APPEND, 0666) = 257
37782 close(257)                        = 0
37793 openat(AT_FDCWD, "./remon.log", O_WRONLY|O_CREAT|O_APPEND, 0666) = 257
37793 close(257)                        = 0
37782 openat(AT_FDCWD, "./remon.log", O_WRONLY|O_CREAT|O_APPEND, 0666) = 257
37782 close(257)                        = 0
37793 openat(AT_FDCWD, "./remon.log", O_WRONLY|O_CREAT|O_APPEND, 0666) = 257
37793 close(257)                        = 0
37782 openat(AT_FDCWD, "./remon.log", O_WRONLY|O_CREAT|O_APPEND, 0666) = 257
37782 close(257)                        = 0
37793 openat(AT_FDCWD, "./remon.log", O_WRONLY|O_CREAT|O_APPEND, 0666) = 257
37793 close(257)                        = 0
37782 openat(AT_FDCWD, "./remon.log", O_WRONLY|O_CREAT|O_APPEND, 0666) = 257
37782 close(257)                        = 0
37793 openat(AT_FDCWD, "./remon.log", O_WRONLY|O_CREAT|O_APPEND, 0666) = 257
37793 close(257)                        = 0
37782 openat(AT_FDCWD, "./remon.log", O_WRONLY|O_CREAT|O_APPEND, 0666) = 257
37782 close(257)                        = 0
37793 openat(AT_FDCWD, "./remon.log", O_WRONLY|O_CREAT|O_APPEND, 0666) = 257
37793 close(257)                        = 0
37782 openat(AT_FDCWD, "./remon.log", O_WRONLY|O_CREAT|O_APPEND, 0666) = 257
37782 close(257)                        = 0
37793 openat(AT_FDCWD, "./remon.log", O_WRONLY|O_CREAT|O_APPEND, 0666) = 257
37793 close(257)                        = 0
37782 openat(AT_FDCWD, "./remon.log", O_WRONLY|O_CREAT|O_APPEND, 0666) = 257
37782 close(257)                        = 0
37793 openat(AT_FDCWD, "./remon.log", O_WRONLY|O_CREAT|O_APPEND, 0666) = 257
37793 close(257)                        = 0
37782 openat(AT_FDCWD, "./remon.log", O_WRONLY|O_CREAT|O_APPEND, 0666) = 257
37782 close(257)                        = 0
37793 openat(AT_FDCWD, "./remon.log", O_WRONLY|O_CREAT|O_APPEND, 0666) = 257
37793 close(257)                        = 0
37782 openat(AT_FDCWD, "./remon.log", O_WRONLY|O_CREAT|O_APPEND, 0666) = 257
37782 close(257)                        = 0
37793 openat(AT_FDCWD, "./remon.log", O_WRONLY|O_CREAT|O_APPEND, 0666) = 257
37793 close(257)                        = 0
37782 openat(AT_FDCWD, "./remon.log", O_WRONLY|O_CREAT|O_APPEND, 0666) = 257
37782 close(257)                        = 0
37793 openat(AT_FDCWD, "./remon.log", O_WRONLY|O_CREAT|O_APPEND, 0666) = 257
37793 close(257)                        = 0
37782 openat(AT_FDCWD, "./remon.log", O_WRONLY|O_CREAT|O_APPEND, 0666) = 257
37782 close(257)                        = 0
37793 openat(AT_FDCWD, "./remon.log", O_WRONLY|O_CREAT|O_APPEND, 0666) = 257
37793 close(257)                        = 0
37782 openat(AT_FDCWD, "./remon.log", O_WRONLY|O_CREAT|O_APPEND, 0666) = 257
37782 close(257)                        = 0
37793 openat(AT_FDCWD, "./remon.log", O_WRONLY|O_CREAT|O_APPEND, 0666) = 257
37793 close(257)                        = 0
37782 openat(AT_FDCWD, "./remon.log", O_WRONLY|O_CREAT|O_APPEND, 0666) = 257
37783 openat(AT_FDCWD, "/proc/self/statm", O_RDONLY) = 455
37782 close(257)                        = 0
37783 close(455)                        = 0
37793 openat(AT_FDCWD, "./remon.log", O_WRONLY|O_CREAT|O_APPEND, 0666) = 257
37793 close(257)                        = 0
37782 openat(AT_FDCWD, "./remon.log", O_WRONLY|O_CREAT|O_APPEND, 0666) = 257
37782 close(257)                        = 0
37793 openat(AT_FDCWD, "./remon.log", O_WRONLY|O_CREAT|O_APPEND, 0666) = 257
37793 close(257)                        = 0
37782 openat(AT_FDCWD, "./remon.log", O_WRONLY|O_CREAT|O_APPEND, 0666) = 257
37782 close(257)                        = 0
37793 openat(AT_FDCWD, "./remon.log", O_WRONLY|O_CREAT|O_APPEND, 0666) = 257
37793 close(257)                        = 0
37782 openat(AT_FDCWD, "./remon.log", O_WRONLY|O_CREAT|O_APPEND, 0666) = 257
37782 close(257)                        = 0
37793 openat(AT_FDCWD, "./remon.log", O_WRONLY|O_CREAT|O_APPEND, 0666) = 257
37793 close(257)                        = 0
37782 openat(AT_FDCWD, "./remon.log", O_WRONLY|O_CREAT|O_APPEND, 0666) = 257
37782 close(257)                        = 0
37793 openat(AT_FDCWD, "./remon.log", O_WRONLY|O_CREAT|O_APPEND, 0666) = 257
37793 close(257)                        = 0
37782 openat(AT_FDCWD, "./remon.log", O_WRONLY|O_CREAT|O_APPEND, 0666) = 257
37782 close(257)                        = 0
37793 openat(AT_FDCWD, "./remon.log", O_WRONLY|O_CREAT|O_APPEND, 0666) = 257
37793 close(257)                        = 0
37782 openat(AT_FDCWD, "./remon.log", O_WRONLY|O_CREAT|O_APPEND, 0666) = 257
37782 close(257)                        = 0
37793 openat(AT_FDCWD, "./remon.log", O_WRONLY|O_CREAT|O_APPEND, 0666) = 257
37793 close(257)                        = 0
37782 openat(AT_FDCWD, "./remon.log", O_WRONLY|O_CREAT|O_APPEND, 0666) = 257
37782 close(257)                        = 0
37793 openat(AT_FDCWD, "./remon.log", O_WRONLY|O_CREAT|O_APPEND, 0666) = 257
37793 close(257)                        = 0
37782 openat(AT_FDCWD, "./remon.log", O_WRONLY|O_CREAT|O_APPEND, 0666) = 257
37782 close(257)                        = 0
37793 openat(AT_FDCWD, "./remon.log", O_WRONLY|O_CREAT|O_APPEND, 0666) = 257
37793 close(257)                        = 0
37782 openat(AT_FDCWD, "./remon.log", O_WRONLY|O_CREAT|O_APPEND, 0666) = 257
37782 close(257)                        = 0
37793 openat(AT_FDCWD, "./remon.log", O_WRONLY|O_CREAT|O_APPEND, 0666) = 257
37793 close(257)                        = 0
37782 openat(AT_FDCWD, "./remon.log", O_WRONLY|O_CREAT|O_APPEND, 0666) = 257
37782 close(257)                        = 0
37793 openat(AT_FDCWD, "./remon.log", O_WRONLY|O_CREAT|O_APPEND, 0666) = 257
37793 close(257)                        = 0
37782 openat(AT_FDCWD, "./remon.log", O_WRONLY|O_CREAT|O_APPEND, 0666) = 257
37782 close(257)                        = 0
37793 openat(AT_FDCWD, "./remon.log", O_WRONLY|O_CREAT|O_APPEND, 0666) = 257
37793 close(257)                        = 0
37782 openat(AT_FDCWD, "./remon.log", O_WRONLY|O_CREAT|O_APPEND, 0666) = 257
37782 close(257)                        = 0
37793 openat(AT_FDCWD, "./remon.log", O_WRONLY|O_CREAT|O_APPEND, 0666) = 257
37793 close(257)                        = 0
37782 openat(AT_FDCWD, "./remon.log", O_WRONLY|O_CREAT|O_APPEND, 0666) = 257
37782 close(257)                        = 0
37793 openat(AT_FDCWD, "./remon.log", O_WRONLY|O_CREAT|O_APPEND, 0666) = 257
37793 close(257)                        = 0
37782 openat(AT_FDCWD, "./remon.log", O_WRONLY|O_CREAT|O_APPEND, 0666) = 257
37782 close(257)                        = 0
37793 openat(AT_FDCWD, "./remon.log", O_WRONLY|O_CREAT|O_APPEND, 0666) = 257
37793 close(257)                        = 0
37782 openat(AT_FDCWD, "./remon.log", O_WRONLY|O_CREAT|O_APPEND, 0666) = 257
37782 close(257)                        = 0
37793 openat(AT_FDCWD, "./remon.log", O_WRONLY|O_CREAT|O_APPEND, 0666) = 257
37793 close(257)                        = 0
37782 openat(AT_FDCWD, "./remon.log", O_WRONLY|O_CREAT|O_APPEND, 0666) = 257
37782 close(257)                        = 0
37793 openat(AT_FDCWD, "./remon.log", O_WRONLY|O_CREAT|O_APPEND, 0666) = 257
37793 close(257)                        = 0
37782 openat(AT_FDCWD, "./remon.log", O_WRONLY|O_CREAT|O_APPEND, 0666) = 257
37782 close(257)                        = 0
37793 openat(AT_FDCWD, "./remon.log", O_WRONLY|O_CREAT|O_APPEND, 0666) = 257
37793 close(257)                        = 0
37782 openat(AT_FDCWD, "./remon.log", O_WRONLY|O_CREAT|O_APPEND, 0666) = 257
37782 close(257)                        = 0
37793 openat(AT_FDCWD, "./remon.log", O_WRONLY|O_CREAT|O_APPEND, 0666) = 257
37793 close(257)                        = 0
37782 openat(AT_FDCWD, "./remon.log", O_WRONLY|O_CREAT|O_APPEND, 0666) = 257
37782 close(257)                        = 0
37793 openat(AT_FDCWD, "./remon.log", O_WRONLY|O_CREAT|O_APPEND, 0666) = 257
37793 close(257)                        = 0
37782 openat(AT_FDCWD, "./remon.log", O_WRONLY|O_CREAT|O_APPEND, 0666) = 257
37782 close(257)                        = 0
37793 openat(AT_FDCWD, "./remon.log", O_WRONLY|O_CREAT|O_APPEND, 0666) = 257
37793 close(257)                        = 0
37782 openat(AT_FDCWD, "./remon.log", O_WRONLY|O_CREAT|O_APPEND, 0666) = 257
37782 close(257)                        = 0
37793 openat(AT_FDCWD, "./remon.log", O_WRONLY|O_CREAT|O_APPEND, 0666) = 257
37793 close(257)                        = 0
37782 openat(AT_FDCWD, "./remon.log", O_WRONLY|O_CREAT|O_APPEND, 0666) = 257
37782 close(257)                        = 0
37793 openat(AT_FDCWD, "./remon.log", O_WRONLY|O_CREAT|O_APPEND, 0666) = 257
37793 close(257)                        = 0
37782 openat(AT_FDCWD, "./remon.log", O_WRONLY|O_CREAT|O_APPEND, 0666) = 257
37782 close(257)                        = 0
37793 openat(AT_FDCWD, "./remon.log", O_WRONLY|O_CREAT|O_APPEND, 0666) = 257
37793 close(257)                        = 0
37782 openat(AT_FDCWD, "./remon.log", O_WRONLY|O_CREAT|O_APPEND, 0666) = 257
37782 close(257)                        = 0
37793 openat(AT_FDCWD, "./remon.log", O_WRONLY|O_CREAT|O_APPEND, 0666) = 257
37793 close(257)                        = 0
37782 openat(AT_FDCWD, "./remon.log", O_WRONLY|O_CREAT|O_APPEND, 0666) = 257
37782 close(257)                        = 0
37793 openat(AT_FDCWD, "./remon.log", O_WRONLY|O_CREAT|O_APPEND, 0666) = 257
37793 close(257)                        = 0
37782 openat(AT_FDCWD, "./remon.log", O_WRONLY|O_CREAT|O_APPEND, 0666) = 257
37782 close(257)                        = 0
37793 openat(AT_FDCWD, "./remon.log", O_WRONLY|O_CREAT|O_APPEND, 0666) = 257
37793 close(257)                        = 0
37782 openat(AT_FDCWD, "./remon.log", O_WRONLY|O_CREAT|O_APPEND, 0666) = 257
37782 close(257)                        = 0
37793 openat(AT_FDCWD, "./remon.log", O_WRONLY|O_CREAT|O_APPEND, 0666) = 257
37793 close(257)                        = 0
37782 openat(AT_FDCWD, "./remon.log", O_WRONLY|O_CREAT|O_APPEND, 0666) = 257
37782 close(257)                        = 0
37793 openat(AT_FDCWD, "./remon.log", O_WRONLY|O_CREAT|O_APPEND, 0666) = 257
37793 close(257)                        = 0
37782 openat(AT_FDCWD, "./remon.log", O_WRONLY|O_CREAT|O_APPEND, 0666) = 257
37782 close(257)                        = 0
37793 openat(AT_FDCWD, "./remon.log", O_WRONLY|O_CREAT|O_APPEND, 0666) = 257
37793 close(257)                        = 0
37782 openat(AT_FDCWD, "./remon.log", O_WRONLY|O_CREAT|O_APPEND, 0666) = 257
37782 close(257)                        = 0
37793 openat(AT_FDCWD, "./remon.log", O_WRONLY|O_CREAT|O_APPEND, 0666) = 257
37793 close(257)                        = 0
37782 openat(AT_FDCWD, "./remon.log", O_WRONLY|O_CREAT|O_APPEND, 0666) = 257
37782 close(257)                        = 0
37793 openat(AT_FDCWD, "./remon.log", O_WRONLY|O_CREAT|O_APPEND, 0666) = 257
37793 close(257)                        = 0
37782 openat(AT_FDCWD, "./remon.log", O_WRONLY|O_CREAT|O_APPEND, 0666) = 257
37782 close(257)                        = 0
37793 openat(AT_FDCWD, "./remon.log", O_WRONLY|O_CREAT|O_APPEND, 0666) = 257
37793 close(257)                        = 0
37782 openat(AT_FDCWD, "./remon.log", O_WRONLY|O_CREAT|O_APPEND, 0666) = 257
37782 close(257)                        = 0
37793 openat(AT_FDCWD, "./remon.log", O_WRONLY|O_CREAT|O_APPEND, 0666) = 257
37793 close(257)                        = 0
37782 openat(AT_FDCWD, "./remon.log", O_WRONLY|O_CREAT|O_APPEND, 0666) = 257
37782 close(257)                        = 0
37793 openat(AT_FDCWD, "./remon.log", O_WRONLY|O_CREAT|O_APPEND, 0666) = 257
37793 close(257)                        = 0
37782 openat(AT_FDCWD, "./remon.log", O_WRONLY|O_CREAT|O_APPEND, 0666) = 257
37782 close(257)                        = 0
37793 openat(AT_FDCWD, "./remon.log", O_WRONLY|O_CREAT|O_APPEND, 0666) = 257
37793 close(257)                        = 0
37782 openat(AT_FDCWD, "./remon.log", O_WRONLY|O_CREAT|O_APPEND, 0666) = 257
37782 close(257)                        = 0
37793 openat(AT_FDCWD, "./remon.log", O_WRONLY|O_CREAT|O_APPEND, 0666) = 257
37793 close(257)                        = 0
37782 openat(AT_FDCWD, "./remon.log", O_WRONLY|O_CREAT|O_APPEND, 0666) = 257
37782 close(257)                        = 0
37793 openat(AT_FDCWD, "./remon.log", O_WRONLY|O_CREAT|O_APPEND, 0666) = 257
37793 close(257)                        = 0
37782 openat(AT_FDCWD, "./remon.log", O_WRONLY|O_CREAT|O_APPEND, 0666) = 257
37782 close(257)                        = 0
37793 openat(AT_FDCWD, "./remon.log", O_WRONLY|O_CREAT|O_APPEND, 0666) = 257
37793 close(257)                        = 0
37782 openat(AT_FDCWD, "./remon.log", O_WRONLY|O_CREAT|O_APPEND, 0666) = 257
37782 close(257)                        = 0
37793 openat(AT_FDCWD, "./remon.log", O_WRONLY|O_CREAT|O_APPEND, 0666) = 257
37793 close(257)                        = 0
37782 openat(AT_FDCWD, "./remon.log", O_WRONLY|O_CREAT|O_APPEND, 0666) = 257
37782 close(257)                        = 0
37793 openat(AT_FDCWD, "./remon.log", O_WRONLY|O_CREAT|O_APPEND, 0666) = 257
37793 close(257)                        = 0
37782 openat(AT_FDCWD, "./remon.log", O_WRONLY|O_CREAT|O_APPEND, 0666) = 257
37782 close(257)                        = 0
37793 openat(AT_FDCWD, "./remon.log", O_WRONLY|O_CREAT|O_APPEND, 0666) = 257
37793 close(257)                        = 0
37782 openat(AT_FDCWD, "./remon.log", O_WRONLY|O_CREAT|O_APPEND, 0666) = 257
37782 close(257)                        = 0
37793 openat(AT_FDCWD, "./remon.log", O_WRONLY|O_CREAT|O_APPEND, 0666) = 257
37793 close(257)                        = 0
37782 openat(AT_FDCWD, "./remon.log", O_WRONLY|O_CREAT|O_APPEND, 0666) = 257
37782 close(257)                        = 0
37793 openat(AT_FDCWD, "./remon.log", O_WRONLY|O_CREAT|O_APPEND, 0666) = 257
37793 close(257)                        = 0
37782 openat(AT_FDCWD, "./remon.log", O_WRONLY|O_CREAT|O_APPEND, 0666) = 257
37782 close(257)                        = 0
37793 openat(AT_FDCWD, "./remon.log", O_WRONLY|O_CREAT|O_APPEND, 0666) = 257
37793 close(257)                        = 0
37782 openat(AT_FDCWD, "./remon.log", O_WRONLY|O_CREAT|O_APPEND, 0666) = 257
37782 close(257)                        = 0
37793 openat(AT_FDCWD, "./remon.log", O_WRONLY|O_CREAT|O_APPEND, 0666) = 257
37793 close(257)                        = 0
37782 openat(AT_FDCWD, "./remon.log", O_WRONLY|O_CREAT|O_APPEND, 0666) = 257
37782 close(257)                        = 0
37793 openat(AT_FDCWD, "./remon.log", O_WRONLY|O_CREAT|O_APPEND, 0666) = 257
37793 close(257)                        = 0
37782 openat(AT_FDCWD, "./remon.log", O_WRONLY|O_CREAT|O_APPEND, 0666) = 257
37782 close(257)                        = 0
37793 openat(AT_FDCWD, "./remon.log", O_WRONLY|O_CREAT|O_APPEND, 0666) = 257
37793 close(257)                        = 0
37782 openat(AT_FDCWD, "./remon.log", O_WRONLY|O_CREAT|O_APPEND, 0666) = 257
37782 close(257)                        = 0
37793 openat(AT_FDCWD, "./remon.log", O_WRONLY|O_CREAT|O_APPEND, 0666) = 257
37793 close(257)                        = 0
37782 openat(AT_FDCWD, "./remon.log", O_WRONLY|O_CREAT|O_APPEND, 0666) = 257
37782 close(257)                        = 0
37793 openat(AT_FDCWD, "./remon.log", O_WRONLY|O_CREAT|O_APPEND, 0666) = 257
37793 close(257)                        = 0
37782 openat(AT_FDCWD, "./remon.log", O_WRONLY|O_CREAT|O_APPEND, 0666) = 257
37782 close(257)                        = 0
37793 openat(AT_FDCWD, "./remon.log", O_WRONLY|O_CREAT|O_APPEND, 0666) = 257
37793 close(257)                        = 0
37782 openat(AT_FDCWD, "./remon.log", O_WRONLY|O_CREAT|O_APPEND, 0666) = 257
37782 close(257)                        = 0
37793 openat(AT_FDCWD, "./remon.log", O_WRONLY|O_CREAT|O_APPEND, 0666) = 257
37793 close(257)                        = 0
37782 openat(AT_FDCWD, "./remon.log", O_WRONLY|O_CREAT|O_APPEND, 0666) = 257
37782 close(257)                        = 0
37793 openat(AT_FDCWD, "./remon.log", O_WRONLY|O_CREAT|O_APPEND, 0666) = 257
37793 close(257)                        = 0
37782 openat(AT_FDCWD, "./remon.log", O_WRONLY|O_CREAT|O_APPEND, 0666) = 257
37782 close(257)                        = 0
37793 openat(AT_FDCWD, "./remon.log", O_WRONLY|O_CREAT|O_APPEND, 0666) = 257
37793 close(257)                        = 0
37782 openat(AT_FDCWD, "./remon.log", O_WRONLY|O_CREAT|O_APPEND, 0666) = 257
37782 close(257)                        = 0
37793 openat(AT_FDCWD, "./remon.log", O_WRONLY|O_CREAT|O_APPEND, 0666) = 257
37793 close(257)                        = 0
37782 openat(AT_FDCWD, "./remon.log", O_WRONLY|O_CREAT|O_APPEND, 0666) = 257
37782 close(257)                        = 0
37793 openat(AT_FDCWD, "./remon.log", O_WRONLY|O_CREAT|O_APPEND, 0666) = 257
37793 close(257)                        = 0
37782 openat(AT_FDCWD, "./remon.log", O_WRONLY|O_CREAT|O_APPEND, 0666) = 257
37782 close(257)                        = 0
37793 openat(AT_FDCWD, "./remon.log", O_WRONLY|O_CREAT|O_APPEND, 0666) = 257
37793 close(257)                        = 0
37782 openat(AT_FDCWD, "./remon.log", O_WRONLY|O_CREAT|O_APPEND, 0666) = 257
37782 close(257)                        = 0
37793 openat(AT_FDCWD, "./remon.log", O_WRONLY|O_CREAT|O_APPEND, 0666) = 257
37793 close(257)                        = 0
37782 openat(AT_FDCWD, "./remon.log", O_WRONLY|O_CREAT|O_APPEND, 0666) = 257
37782 close(257)                        = 0
37782 openat(AT_FDCWD, "./remon.log", O_WRONLY|O_CREAT|O_APPEND, 0666) = 257
37782 close(257)                        = 0
37783 openat(AT_FDCWD, "/proc/self/statm", O_RDONLY) = 257
37783 close(257)                        = 0
37793 openat(AT_FDCWD, "./remon.log", O_WRONLY|O_CREAT|O_APPEND, 0666) = 512
37793 close(512)                        = 0
37793 openat(AT_FDCWD, "./remon.log", O_WRONLY|O_CREAT|O_APPEND, 0666) = 513
37793 close(513)                        = 0
37782 openat(AT_FDCWD, "./remon.log", O_WRONLY|O_CREAT|O_APPEND, 0666) = 513
37782 close(513)                        = 0
37793 openat(AT_FDCWD, "./remon.log", O_WRONLY|O_CREAT|O_APPEND, 0666) = 513
37793 close(513)                        = 0
37782 openat(AT_FDCWD, "./remon.log", O_WRONLY|O_CREAT|O_APPEND, 0666) = 513
37782 close(513)                        = 0
37793 openat(AT_FDCWD, "./remon.log", O_WRONLY|O_CREAT|O_APPEND, 0666) = 513
37793 close(513)                        = 0
37782 openat(AT_FDCWD, "./remon.log", O_WRONLY|O_CREAT|O_APPEND, 0666) = 513
37782 close(513)                        = 0
37793 openat(AT_FDCWD, "./remon.log", O_WRONLY|O_CREAT|O_APPEND, 0666) = 513
37793 close(513)                        = 0
37782 openat(AT_FDCWD, "./remon.log", O_WRONLY|O_CREAT|O_APPEND, 0666) = 513
37782 close(513)                        = 0
37793 openat(AT_FDCWD, "./remon.log", O_WRONLY|O_CREAT|O_APPEND, 0666) = 513
37793 close(513)                        = 0
37782 openat(AT_FDCWD, "./remon.log", O_WRONLY|O_CREAT|O_APPEND, 0666) = 513
37782 close(513)                        = 0
37793 openat(AT_FDCWD, "./remon.log", O_WRONLY|O_CREAT|O_APPEND, 0666) = 513
37793 close(513)                        = 0
37782 openat(AT_FDCWD, "./remon.log", O_WRONLY|O_CREAT|O_APPEND, 0666) = 513
37782 close(513)                        = 0
37793 openat(AT_FDCWD, "./remon.log", O_WRONLY|O_CREAT|O_APPEND, 0666) = 513
37793 close(513)                        = 0
37782 openat(AT_FDCWD, "./remon.log", O_WRONLY|O_CREAT|O_APPEND, 0666) = 513
37782 close(513)                        = 0
37793 openat(AT_FDCWD, "./remon.log", O_WRONLY|O_CREAT|O_APPEND, 0666) = 513
37793 close(513)                        = 0
37782 openat(AT_FDCWD, "./remon.log", O_WRONLY|O_CREAT|O_APPEND, 0666) = 513
37782 close(513)                        = 0
37793 openat(AT_FDCWD, "./remon.log", O_WRONLY|O_CREAT|O_APPEND, 0666) = 513
37793 close(513)                        = 0
37782 openat(AT_FDCWD, "./remon.log", O_WRONLY|O_CREAT|O_APPEND, 0666) = 513
37782 close(513)                        = 0
37793 openat(AT_FDCWD, "./remon.log", O_WRONLY|O_CREAT|O_APPEND, 0666) = 513
37793 close(513)                        = 0
37782 openat(AT_FDCWD, "./remon.log", O_WRONLY|O_CREAT|O_APPEND, 0666) = 513
37782 close(513)                        = 0
37793 openat(AT_FDCWD, "./remon.log", O_WRONLY|O_CREAT|O_APPEND, 0666) = 513
37793 close(513)                        = 0
37782 openat(AT_FDCWD, "./remon.log", O_WRONLY|O_CREAT|O_APPEND, 0666) = 513
37782 close(513)                        = 0
37793 openat(AT_FDCWD, "./remon.log", O_WRONLY|O_CREAT|O_APPEND, 0666) = 513
37793 close(513)                        = 0
37782 openat(AT_FDCWD, "./remon.log", O_WRONLY|O_CREAT|O_APPEND, 0666) = 513
37782 close(513)                        = 0
37793 openat(AT_FDCWD, "./remon.log", O_WRONLY|O_CREAT|O_APPEND, 0666) = 513
37793 close(513)                        = 0
37782 openat(AT_FDCWD, "./remon.log", O_WRONLY|O_CREAT|O_APPEND, 0666) = 513
37782 close(513)                        = 0
37793 openat(AT_FDCWD, "./remon.log", O_WRONLY|O_CREAT|O_APPEND, 0666) = 513
37793 close(513)                        = 0
37782 openat(AT_FDCWD, "./remon.log", O_WRONLY|O_CREAT|O_APPEND, 0666) = 513
37782 close(513)                        = 0
37793 openat(AT_FDCWD, "./remon.log", O_WRONLY|O_CREAT|O_APPEND, 0666) = 513
37793 close(513)                        = 0
37782 openat(AT_FDCWD, "./remon.log", O_WRONLY|O_CREAT|O_APPEND, 0666) = 513
37782 close(513)                        = 0
37793 openat(AT_FDCWD, "./remon.log", O_WRONLY|O_CREAT|O_APPEND, 0666) = 513
37793 close(513)                        = 0
37782 openat(AT_FDCWD, "./remon.log", O_WRONLY|O_CREAT|O_APPEND, 0666) = 513
37782 close(513)                        = 0
37793 openat(AT_FDCWD, "./remon.log", O_WRONLY|O_CREAT|O_APPEND, 0666) = 513
37793 close(513)                        = 0
37782 openat(AT_FDCWD, "./remon.log", O_WRONLY|O_CREAT|O_APPEND, 0666) = 513
37782 close(513)                        = 0
37793 openat(AT_FDCWD, "./remon.log", O_WRONLY|O_CREAT|O_APPEND, 0666) = 513
37793 close(513)                        = 0
37782 openat(AT_FDCWD, "./remon.log", O_WRONLY|O_CREAT|O_APPEND, 0666) = 513
37782 close(513)                        = 0
37793 openat(AT_FDCWD, "./remon.log", O_WRONLY|O_CREAT|O_APPEND, 0666) = 513
37793 close(513)                        = 0
37782 openat(AT_FDCWD, "./remon.log", O_WRONLY|O_CREAT|O_APPEND, 0666) = 513
37782 close(513)                        = 0
37793 openat(AT_FDCWD, "./remon.log", O_WRONLY|O_CREAT|O_APPEND, 0666) = 513
37793 close(513)                        = 0
37782 openat(AT_FDCWD, "./remon.log", O_WRONLY|O_CREAT|O_APPEND, 0666) = 513
37782 close(513)                        = 0
37793 openat(AT_FDCWD, "./remon.log", O_WRONLY|O_CREAT|O_APPEND, 0666) = 513
37793 close(513)                        = 0
37782 openat(AT_FDCWD, "./remon.log", O_WRONLY|O_CREAT|O_APPEND, 0666) = 513
37782 close(513)                        = 0
37793 openat(AT_FDCWD, "./remon.log", O_WRONLY|O_CREAT|O_APPEND, 0666) = 513
37793 close(513)                        = 0
37782 openat(AT_FDCWD, "./remon.log", O_WRONLY|O_CREAT|O_APPEND, 0666) = 513
37782 close(513)                        = 0
37793 openat(AT_FDCWD, "./remon.log", O_WRONLY|O_CREAT|O_APPEND, 0666) = 513
37793 close(513)                        = 0
37782 openat(AT_FDCWD, "./remon.log", O_WRONLY|O_CREAT|O_APPEND, 0666) = 513
37782 close(513)                        = 0
37793 openat(AT_FDCWD, "./remon.log", O_WRONLY|O_CREAT|O_APPEND, 0666) = 513
37793 close(513)                        = 0
37782 openat(AT_FDCWD, "./remon.log", O_WRONLY|O_CREAT|O_APPEND, 0666) = 513
37782 close(513)                        = 0
37793 openat(AT_FDCWD, "./remon.log", O_WRONLY|O_CREAT|O_APPEND, 0666) = 513
37793 close(513)                        = 0
37782 openat(AT_FDCWD, "./remon.log", O_WRONLY|O_CREAT|O_APPEND, 0666) = 513
37782 close(513)                        = 0
37793 openat(AT_FDCWD, "./remon.log", O_WRONLY|O_CREAT|O_APPEND, 0666) = 513
37793 close(513)                        = 0
37782 openat(AT_FDCWD, "./remon.log", O_WRONLY|O_CREAT|O_APPEND, 0666) = 513
37782 close(513)                        = 0
37793 openat(AT_FDCWD, "./remon.log", O_WRONLY|O_CREAT|O_APPEND, 0666) = 513
37793 close(513)                        = 0
37782 openat(AT_FDCWD, "./remon.log", O_WRONLY|O_CREAT|O_APPEND, 0666) = 513
37782 close(513)                        = 0
37793 openat(AT_FDCWD, "./remon.log", O_WRONLY|O_CREAT|O_APPEND, 0666) = 513
37793 close(513)                        = 0
37782 openat(AT_FDCWD, "./remon.log", O_WRONLY|O_CREAT|O_APPEND, 0666) = 513
37782 close(513)                        = 0
37793 openat(AT_FDCWD, "./remon.log", O_WRONLY|O_CREAT|O_APPEND, 0666) = 513
37793 close(513)                        = 0
37782 openat(AT_FDCWD, "./remon.log", O_WRONLY|O_CREAT|O_APPEND, 0666) = 513
37782 close(513)                        = 0
37793 openat(AT_FDCWD, "./remon.log", O_WRONLY|O_CREAT|O_APPEND, 0666) = 513
37793 close(513)                        = 0
37782 openat(AT_FDCWD, "./remon.log", O_WRONLY|O_CREAT|O_APPEND, 0666) = 513
37782 close(513)                        = 0
37793 openat(AT_FDCWD, "./remon.log", O_WRONLY|O_CREAT|O_APPEND, 0666) = 513
37783 openat(AT_FDCWD, "/proc/self/statm", O_RDONLY <unfinished ...>
37793 close(513 <unfinished ...>
37783 <... openat resumed>)             = 544
37793 <... close resumed>)              = 0
37783 close(544)                        = 0
37782 openat(AT_FDCWD, "./remon.log", O_WRONLY|O_CREAT|O_APPEND, 0666) = 513
37782 close(513)                        = 0
37793 openat(AT_FDCWD, "./remon.log", O_WRONLY|O_CREAT|O_APPEND, 0666) = 513
37793 close(513)                        = 0
37782 openat(AT_FDCWD, "./remon.log", O_WRONLY|O_CREAT|O_APPEND, 0666) = 513
37782 close(513)                        = 0
37793 openat(AT_FDCWD, "./remon.log", O_WRONLY|O_CREAT|O_APPEND, 0666) = 513
37793 close(513)                        = 0
37782 openat(AT_FDCWD, "./remon.log", O_WRONLY|O_CREAT|O_APPEND, 0666) = 513
37782 close(513)                        = 0
37793 openat(AT_FDCWD, "./remon.log", O_WRONLY|O_CREAT|O_APPEND, 0666) = 513
37793 close(513)                        = 0
37782 openat(AT_FDCWD, "./remon.log", O_WRONLY|O_CREAT|O_APPEND, 0666) = 513
37782 close(513)                        = 0
37793 openat(AT_FDCWD, "./remon.log", O_WRONLY|O_CREAT|O_APPEND, 0666) = 513
37793 close(513)                        = 0
37782 openat(AT_FDCWD, "./remon.log", O_WRONLY|O_CREAT|O_APPEND, 0666) = 513
37782 close(513)                        = 0
37793 openat(AT_FDCWD, "./remon.log", O_WRONLY|O_CREAT|O_APPEND, 0666) = 513
37793 close(513)                        = 0
37782 openat(AT_FDCWD, "./remon.log", O_WRONLY|O_CREAT|O_APPEND, 0666) = 513
37782 close(513)                        = 0
37793 openat(AT_FDCWD, "./remon.log", O_WRONLY|O_CREAT|O_APPEND, 0666) = 513
37793 close(513)                        = 0
37782 openat(AT_FDCWD, "./remon.log", O_WRONLY|O_CREAT|O_APPEND, 0666) = 513
37782 close(513)                        = 0
37793 openat(AT_FDCWD, "./remon.log", O_WRONLY|O_CREAT|O_APPEND, 0666) = 513
37793 close(513)                        = 0
37782 openat(AT_FDCWD, "./remon.log", O_WRONLY|O_CREAT|O_APPEND, 0666) = 513
37782 close(513)                        = 0
37793 openat(AT_FDCWD, "./remon.log", O_WRONLY|O_CREAT|O_APPEND, 0666) = 513
37793 close(513)                        = 0
37782 openat(AT_FDCWD, "./remon.log", O_WRONLY|O_CREAT|O_APPEND, 0666) = 513
37782 close(513)                        = 0
37793 openat(AT_FDCWD, "./remon.log", O_WRONLY|O_CREAT|O_APPEND, 0666) = 513
37793 close(513)                        = 0
37782 openat(AT_FDCWD, "./remon.log", O_WRONLY|O_CREAT|O_APPEND, 0666) = 513
37782 close(513)                        = 0
37793 openat(AT_FDCWD, "./remon.log", O_WRONLY|O_CREAT|O_APPEND, 0666) = 513
37793 close(513)                        = 0
37782 openat(AT_FDCWD, "./remon.log", O_WRONLY|O_CREAT|O_APPEND, 0666) = 513
37782 close(513)                        = 0
37793 openat(AT_FDCWD, "./remon.log", O_WRONLY|O_CREAT|O_APPEND, 0666) = 513
37793 close(513)                        = 0
37782 openat(AT_FDCWD, "./remon.log", O_WRONLY|O_CREAT|O_APPEND, 0666) = 513
37782 close(513)                        = 0
37793 openat(AT_FDCWD, "./remon.log", O_WRONLY|O_CREAT|O_APPEND, 0666) = 513
37793 close(513)                        = 0
37782 openat(AT_FDCWD, "./remon.log", O_WRONLY|O_CREAT|O_APPEND, 0666) = 513
37782 close(513)                        = 0
37793 openat(AT_FDCWD, "./remon.log", O_WRONLY|O_CREAT|O_APPEND, 0666) = 513
37793 close(513)                        = 0
37782 openat(AT_FDCWD, "./remon.log", O_WRONLY|O_CREAT|O_APPEND, 0666) = 513
37782 close(513)                        = 0
37793 openat(AT_FDCWD, "./remon.log", O_WRONLY|O_CREAT|O_APPEND, 0666) = 513
37793 close(513)                        = 0
37782 openat(AT_FDCWD, "./remon.log", O_WRONLY|O_CREAT|O_APPEND, 0666) = 513
37782 close(513)                        = 0
37793 openat(AT_FDCWD, "./remon.log", O_WRONLY|O_CREAT|O_APPEND, 0666) = 513
37793 close(513)                        = 0
37782 openat(AT_FDCWD, "./remon.log", O_WRONLY|O_CREAT|O_APPEND, 0666) = 513
37782 close(513)                        = 0
37793 openat(AT_FDCWD, "./remon.log", O_WRONLY|O_CREAT|O_APPEND, 0666) = 513
37793 close(513)                        = 0
37782 openat(AT_FDCWD, "./remon.log", O_WRONLY|O_CREAT|O_APPEND, 0666) = 513
37782 close(513)                        = 0
37793 openat(AT_FDCWD, "./remon.log", O_WRONLY|O_CREAT|O_APPEND, 0666) = 513
37793 close(513)                        = 0
37782 openat(AT_FDCWD, "./remon.log", O_WRONLY|O_CREAT|O_APPEND, 0666) = 513
37782 close(513)                        = 0
37793 openat(AT_FDCWD, "./remon.log", O_WRONLY|O_CREAT|O_APPEND, 0666) = 513
37793 close(513)                        = 0
37782 openat(AT_FDCWD, "./remon.log", O_WRONLY|O_CREAT|O_APPEND, 0666) = 513
37782 close(513)                        = 0
37793 openat(AT_FDCWD, "./remon.log", O_WRONLY|O_CREAT|O_APPEND, 0666) = 513
37793 close(513)                        = 0
37782 openat(AT_FDCWD, "./remon.log", O_WRONLY|O_CREAT|O_APPEND, 0666) = 513
37782 close(513)                        = 0
37793 openat(AT_FDCWD, "./remon.log", O_WRONLY|O_CREAT|O_APPEND, 0666) = 513
37793 close(513)                        = 0
37782 openat(AT_FDCWD, "./remon.log", O_WRONLY|O_CREAT|O_APPEND, 0666) = 513
37782 close(513)                        = 0
37793 openat(AT_FDCWD, "./remon.log", O_WRONLY|O_CREAT|O_APPEND, 0666) = 513
37793 close(513)                        = 0
37782 openat(AT_FDCWD, "./remon.log", O_WRONLY|O_CREAT|O_APPEND, 0666) = 513
37782 close(513)                        = 0
37793 openat(AT_FDCWD, "./remon.log", O_WRONLY|O_CREAT|O_APPEND, 0666) = 513
37793 close(513)                        = 0
37782 openat(AT_FDCWD, "./remon.log", O_WRONLY|O_CREAT|O_APPEND, 0666) = 513
37782 close(513)                        = 0
37793 openat(AT_FDCWD, "./remon.log", O_WRONLY|O_CREAT|O_APPEND, 0666) = 513
37793 close(513)                        = 0
37782 openat(AT_FDCWD, "./remon.log", O_WRONLY|O_CREAT|O_APPEND, 0666) = 513
37782 close(513)                        = 0
37793 openat(AT_FDCWD, "./remon.log", O_WRONLY|O_CREAT|O_APPEND, 0666) = 513
37793 close(513)                        = 0
37782 openat(AT_FDCWD, "./remon.log", O_WRONLY|O_CREAT|O_APPEND, 0666) = 513
37782 close(513)                        = 0
37793 openat(AT_FDCWD, "./remon.log", O_WRONLY|O_CREAT|O_APPEND, 0666) = 513
37793 close(513)                        = 0
37782 openat(AT_FDCWD, "./remon.log", O_WRONLY|O_CREAT|O_APPEND, 0666) = 513
37782 close(513)                        = 0
37793 openat(AT_FDCWD, "./remon.log", O_WRONLY|O_CREAT|O_APPEND, 0666) = 513
37793 close(513)                        = 0
37782 openat(AT_FDCWD, "./remon.log", O_WRONLY|O_CREAT|O_APPEND, 0666) = 513
37782 close(513)                        = 0
37793 openat(AT_FDCWD, "./remon.log", O_WRONLY|O_CREAT|O_APPEND, 0666) = 513
37793 close(513)                        = 0
37782 openat(AT_FDCWD, "./remon.log", O_WRONLY|O_CREAT|O_APPEND, 0666) = 513
37782 close(513)                        = 0
37793 openat(AT_FDCWD, "./remon.log", O_WRONLY|O_CREAT|O_APPEND, 0666) = 513
37793 close(513)                        = 0
37782 openat(AT_FDCWD, "./remon.log", O_WRONLY|O_CREAT|O_APPEND, 0666) = 513
37782 close(513)                        = 0
37793 openat(AT_FDCWD, "./remon.log", O_WRONLY|O_CREAT|O_APPEND, 0666) = 513
37793 close(513)                        = 0
37782 openat(AT_FDCWD, "./remon.log", O_WRONLY|O_CREAT|O_APPEND, 0666) = 513
37782 close(513)                        = 0
37793 openat(AT_FDCWD, "./remon.log", O_WRONLY|O_CREAT|O_APPEND, 0666) = 513
37793 close(513)                        = 0
37782 openat(AT_FDCWD, "./remon.log", O_WRONLY|O_CREAT|O_APPEND, 0666) = 513
37782 close(513)                        = 0
37793 openat(AT_FDCWD, "./remon.log", O_WRONLY|O_CREAT|O_APPEND, 0666) = 513
37793 close(513)                        = 0
37782 openat(AT_FDCWD, "./remon.log", O_WRONLY|O_CREAT|O_APPEND, 0666) = 513
37782 close(513)                        = 0
37793 openat(AT_FDCWD, "./remon.log", O_WRONLY|O_CREAT|O_APPEND, 0666) = 513
37793 close(513)                        = 0
37782 openat(AT_FDCWD, "./remon.log", O_WRONLY|O_CREAT|O_APPEND, 0666) = 513
37782 close(513)                        = 0
37793 openat(AT_FDCWD, "./remon.log", O_WRONLY|O_CREAT|O_APPEND, 0666) = 513
37793 close(513)                        = 0
37782 openat(AT_FDCWD, "./remon.log", O_WRONLY|O_CREAT|O_APPEND, 0666) = 513
37782 close(513)                        = 0
37793 openat(AT_FDCWD, "./remon.log", O_WRONLY|O_CREAT|O_APPEND, 0666) = 513
37793 close(513)                        = 0
37782 openat(AT_FDCWD, "./remon.log", O_WRONLY|O_CREAT|O_APPEND, 0666) = 513
37782 close(513)                        = 0
37793 openat(AT_FDCWD, "./remon.log", O_WRONLY|O_CREAT|O_APPEND, 0666) = 513
37793 close(513)                        = 0
37782 openat(AT_FDCWD, "./remon.log", O_WRONLY|O_CREAT|O_APPEND, 0666) = 513
37782 close(513)                        = 0
37793 openat(AT_FDCWD, "./remon.log", O_WRONLY|O_CREAT|O_APPEND, 0666) = 513
37793 close(513)                        = 0
37782 openat(AT_FDCWD, "./remon.log", O_WRONLY|O_CREAT|O_APPEND, 0666) = 513
37782 close(513)                        = 0
37793 openat(AT_FDCWD, "./remon.log", O_WRONLY|O_CREAT|O_APPEND, 0666) = 513
37793 close(513)                        = 0
37782 openat(AT_FDCWD, "./remon.log", O_WRONLY|O_CREAT|O_APPEND, 0666) = 513
37782 close(513)                        = 0
37793 openat(AT_FDCWD, "./remon.log", O_WRONLY|O_CREAT|O_APPEND, 0666) = 513
37793 close(513)                        = 0
37782 openat(AT_FDCWD, "./remon.log", O_WRONLY|O_CREAT|O_APPEND, 0666) = 513
37782 close(513)                        = 0
37793 openat(AT_FDCWD, "./remon.log", O_WRONLY|O_CREAT|O_APPEND, 0666) = 513
37793 close(513)                        = 0
37782 openat(AT_FDCWD, "./remon.log", O_WRONLY|O_CREAT|O_APPEND, 0666) = 513
37782 close(513)                        = 0
37793 openat(AT_FDCWD, "./remon.log", O_WRONLY|O_CREAT|O_APPEND, 0666) = 513
37793 close(513)                        = 0
37782 openat(AT_FDCWD, "./remon.log", O_WRONLY|O_CREAT|O_APPEND, 0666) = 513
37782 close(513)                        = 0
37793 openat(AT_FDCWD, "./remon.log", O_WRONLY|O_CREAT|O_APPEND, 0666) = 513
37793 close(513)                        = 0
37782 openat(AT_FDCWD, "./remon.log", O_WRONLY|O_CREAT|O_APPEND, 0666) = 513
37782 close(513)                        = 0
37793 openat(AT_FDCWD, "./remon.log", O_WRONLY|O_CREAT|O_APPEND, 0666) = 513
37793 close(513)                        = 0
37782 openat(AT_FDCWD, "./remon.log", O_WRONLY|O_CREAT|O_APPEND, 0666) = 513
37782 close(513)                        = 0
37793 openat(AT_FDCWD, "./remon.log", O_WRONLY|O_CREAT|O_APPEND, 0666) = 513
37793 close(513)                        = 0
37782 openat(AT_FDCWD, "./remon.log", O_WRONLY|O_CREAT|O_APPEND, 0666) = 513
37782 close(513)                        = 0
37793 openat(AT_FDCWD, "./remon.log", O_WRONLY|O_CREAT|O_APPEND, 0666) = 513
37793 close(513)                        = 0
37782 openat(AT_FDCWD, "./remon.log", O_WRONLY|O_CREAT|O_APPEND, 0666) = 513
37782 close(513)                        = 0
37793 openat(AT_FDCWD, "./remon.log", O_WRONLY|O_CREAT|O_APPEND, 0666) = 513
37793 close(513)                        = 0
37782 openat(AT_FDCWD, "./remon.log", O_WRONLY|O_CREAT|O_APPEND, 0666) = 513
37782 close(513)                        = 0
37793 openat(AT_FDCWD, "./remon.log", O_WRONLY|O_CREAT|O_APPEND, 0666) = 513
37793 close(513)                        = 0
37782 openat(AT_FDCWD, "./remon.log", O_WRONLY|O_CREAT|O_APPEND, 0666) = 513
37782 close(513)                        = 0
37793 openat(AT_FDCWD, "./remon.log", O_WRONLY|O_CREAT|O_APPEND, 0666) = 513
37793 close(513)                        = 0
37782 openat(AT_FDCWD, "./remon.log", O_WRONLY|O_CREAT|O_APPEND, 0666) = 513
37782 close(513)                        = 0
37793 openat(AT_FDCWD, "./remon.log", O_WRONLY|O_CREAT|O_APPEND, 0666) = 513
37793 close(513)                        = 0
37782 openat(AT_FDCWD, "./remon.log", O_WRONLY|O_CREAT|O_APPEND, 0666) = 513
37782 close(513)                        = 0
37793 openat(AT_FDCWD, "./remon.log", O_WRONLY|O_CREAT|O_APPEND, 0666) = 513
37793 close(513)                        = 0
37782 openat(AT_FDCWD, "./remon.log", O_WRONLY|O_CREAT|O_APPEND, 0666) = 513
37782 close(513)                        = 0
37793 openat(AT_FDCWD, "./remon.log", O_WRONLY|O_CREAT|O_APPEND, 0666) = 513
37793 close(513)                        = 0
37782 openat(AT_FDCWD, "./remon.log", O_WRONLY|O_CREAT|O_APPEND, 0666) = 513
37782 close(513)                        = 0
37793 openat(AT_FDCWD, "./remon.log", O_WRONLY|O_CREAT|O_APPEND, 0666) = 513
37793 close(513)                        = 0
37782 openat(AT_FDCWD, "./remon.log", O_WRONLY|O_CREAT|O_APPEND, 0666) = 513
37782 close(513)                        = 0
37793 openat(AT_FDCWD, "./remon.log", O_WRONLY|O_CREAT|O_APPEND, 0666) = 513
37793 close(513)                        = 0
37782 openat(AT_FDCWD, "./remon.log", O_WRONLY|O_CREAT|O_APPEND, 0666) = 513
37782 close(513)                        = 0
37793 openat(AT_FDCWD, "./remon.log", O_WRONLY|O_CREAT|O_APPEND, 0666) = 513
37793 close(513)                        = 0
37782 openat(AT_FDCWD, "./remon.log", O_WRONLY|O_CREAT|O_APPEND, 0666) = 513
37782 close(513)                        = 0
37793 openat(AT_FDCWD, "./remon.log", O_WRONLY|O_CREAT|O_APPEND, 0666) = 513
37793 close(513)                        = 0
37782 openat(AT_FDCWD, "./remon.log", O_WRONLY|O_CREAT|O_APPEND, 0666) = 513
37782 close(513)                        = 0
37793 openat(AT_FDCWD, "./remon.log", O_WRONLY|O_CREAT|O_APPEND, 0666) = 513
37793 close(513)                        = 0
37782 openat(AT_FDCWD, "./remon.log", O_WRONLY|O_CREAT|O_APPEND, 0666) = 513
37782 close(513)                        = 0
37793 openat(AT_FDCWD, "./remon.log", O_WRONLY|O_CREAT|O_APPEND, 0666) = 513
37793 close(513)                        = 0
37782 openat(AT_FDCWD, "./remon.log", O_WRONLY|O_CREAT|O_APPEND, 0666) = 513
37782 close(513)                        = 0
37793 openat(AT_FDCWD, "./remon.log", O_WRONLY|O_CREAT|O_APPEND, 0666) = 513
37793 close(513)                        = 0
37782 openat(AT_FDCWD, "./remon.log", O_WRONLY|O_CREAT|O_APPEND, 0666) = 513
37782 close(513)                        = 0
37793 openat(AT_FDCWD, "./remon.log", O_WRONLY|O_CREAT|O_APPEND, 0666) = 513
37793 close(513)                        = 0
37782 openat(AT_FDCWD, "./remon.log", O_WRONLY|O_CREAT|O_APPEND, 0666) = 513
37783 openat(AT_FDCWD, "/proc/self/statm", O_RDONLY) = 602
37782 close(513)                        = 0
37783 close(602)                        = 0
37793 openat(AT_FDCWD, "./remon.log", O_WRONLY|O_CREAT|O_APPEND, 0666) = 513
37793 close(513)                        = 0
37782 openat(AT_FDCWD, "./remon.log", O_WRONLY|O_CREAT|O_APPEND, 0666) = 513
37782 close(513)                        = 0
37793 openat(AT_FDCWD, "./remon.log", O_WRONLY|O_CREAT|O_APPEND, 0666) = 513
37793 close(513)                        = 0
37782 openat(AT_FDCWD, "./remon.log", O_WRONLY|O_CREAT|O_APPEND, 0666) = 513
37782 close(513)                        = 0
37793 openat(AT_FDCWD, "./remon.log", O_WRONLY|O_CREAT|O_APPEND, 0666) = 513
37793 close(513)                        = 0
37782 openat(AT_FDCWD, "./remon.log", O_WRONLY|O_CREAT|O_APPEND, 0666) = 513
37782 close(513)                        = 0
37793 openat(AT_FDCWD, "./remon.log", O_WRONLY|O_CREAT|O_APPEND, 0666) = 513
37793 close(513)                        = 0
37782 openat(AT_FDCWD, "./remon.log", O_WRONLY|O_CREAT|O_APPEND, 0666) = 513
37782 close(513)                        = 0
37793 openat(AT_FDCWD, "./remon.log", O_WRONLY|O_CREAT|O_APPEND, 0666) = 513
37793 close(513)                        = 0
37782 openat(AT_FDCWD, "./remon.log", O_WRONLY|O_CREAT|O_APPEND, 0666) = 513
37782 close(513)                        = 0
37793 openat(AT_FDCWD, "./remon.log", O_WRONLY|O_CREAT|O_APPEND, 0666) = 513
37793 close(513)                        = 0
37782 openat(AT_FDCWD, "./remon.log", O_WRONLY|O_CREAT|O_APPEND, 0666) = 513
37782 close(513)                        = 0
37793 openat(AT_FDCWD, "./remon.log", O_WRONLY|O_CREAT|O_APPEND, 0666) = 513
37793 close(513)                        = 0
37782 openat(AT_FDCWD, "./remon.log", O_WRONLY|O_CREAT|O_APPEND, 0666) = 513
37782 close(513)                        = 0
37793 openat(AT_FDCWD, "./remon.log", O_WRONLY|O_CREAT|O_APPEND, 0666) = 513
37793 close(513)                        = 0
37782 openat(AT_FDCWD, "./remon.log", O_WRONLY|O_CREAT|O_APPEND, 0666) = 513
37782 close(513)                        = 0
37793 openat(AT_FDCWD, "./remon.log", O_WRONLY|O_CREAT|O_APPEND, 0666) = 513
37793 close(513)                        = 0
37782 openat(AT_FDCWD, "./remon.log", O_WRONLY|O_CREAT|O_APPEND, 0666) = 513
37782 close(513)                        = 0
37793 openat(AT_FDCWD, "./remon.log", O_WRONLY|O_CREAT|O_APPEND, 0666) = 513
37793 close(513)                        = 0
37782 openat(AT_FDCWD, "./remon.log", O_WRONLY|O_CREAT|O_APPEND, 0666) = 513
37782 close(513)                        = 0
37793 openat(AT_FDCWD, "./remon.log", O_WRONLY|O_CREAT|O_APPEND, 0666) = 513
37793 close(513)                        = 0
37782 openat(AT_FDCWD, "./remon.log", O_WRONLY|O_CREAT|O_APPEND, 0666) = 513
37782 close(513)                        = 0
37793 openat(AT_FDCWD, "./remon.log", O_WRONLY|O_CREAT|O_APPEND, 0666) = 513
37793 close(513)                        = 0
37782 openat(AT_FDCWD, "./remon.log", O_WRONLY|O_CREAT|O_APPEND, 0666) = 513
37782 close(513)                        = 0
37793 openat(AT_FDCWD, "./remon.log", O_WRONLY|O_CREAT|O_APPEND, 0666) = 513
37793 close(513)                        = 0
37782 openat(AT_FDCWD, "./remon.log", O_WRONLY|O_CREAT|O_APPEND, 0666) = 513
37782 close(513)                        = 0
37793 openat(AT_FDCWD, "./remon.log", O_WRONLY|O_CREAT|O_APPEND, 0666) = 513
37793 close(513)                        = 0
37782 openat(AT_FDCWD, "./remon.log", O_WRONLY|O_CREAT|O_APPEND, 0666) = 513
37782 close(513)                        = 0
37793 openat(AT_FDCWD, "./remon.log", O_WRONLY|O_CREAT|O_APPEND, 0666) = 513
37793 close(513)                        = 0
37782 openat(AT_FDCWD, "./remon.log", O_WRONLY|O_CREAT|O_APPEND, 0666) = 513
37782 close(513)                        = 0
37793 openat(AT_FDCWD, "./remon.log", O_WRONLY|O_CREAT|O_APPEND, 0666) = 513
37793 close(513)                        = 0
37782 openat(AT_FDCWD, "./remon.log", O_WRONLY|O_CREAT|O_APPEND, 0666) = 513
37782 close(513)                        = 0
37793 openat(AT_FDCWD, "./remon.log", O_WRONLY|O_CREAT|O_APPEND, 0666) = 513
37793 close(513)                        = 0
37782 openat(AT_FDCWD, "./remon.log", O_WRONLY|O_CREAT|O_APPEND, 0666) = 513
37782 close(513)                        = 0
37793 openat(AT_FDCWD, "./remon.log", O_WRONLY|O_CREAT|O_APPEND, 0666) = 513
37793 close(513)                        = 0
37782 openat(AT_FDCWD, "./remon.log", O_WRONLY|O_CREAT|O_APPEND, 0666) = 513
37782 close(513)                        = 0
37793 openat(AT_FDCWD, "./remon.log", O_WRONLY|O_CREAT|O_APPEND, 0666) = 513
37793 close(513)                        = 0
37782 openat(AT_FDCWD, "./remon.log", O_WRONLY|O_CREAT|O_APPEND, 0666) = 513
37782 close(513)                        = 0
37793 openat(AT_FDCWD, "./remon.log", O_WRONLY|O_CREAT|O_APPEND, 0666) = 513
37793 close(513)                        = 0
37782 openat(AT_FDCWD, "./remon.log", O_WRONLY|O_CREAT|O_APPEND, 0666) = 513
37782 close(513)                        = 0
37793 openat(AT_FDCWD, "./remon.log", O_WRONLY|O_CREAT|O_APPEND, 0666) = 513
37793 close(513)                        = 0
37782 openat(AT_FDCWD, "./remon.log", O_WRONLY|O_CREAT|O_APPEND, 0666) = 513
37782 close(513)                        = 0
37793 openat(AT_FDCWD, "./remon.log", O_WRONLY|O_CREAT|O_APPEND, 0666) = 513
37793 close(513)                        = 0
37782 openat(AT_FDCWD, "./remon.log", O_WRONLY|O_CREAT|O_APPEND, 0666) = 513
37782 close(513)                        = 0
37793 openat(AT_FDCWD, "./remon.log", O_WRONLY|O_CREAT|O_APPEND, 0666) = 513
37793 close(513)                        = 0
37782 openat(AT_FDCWD, "./remon.log", O_WRONLY|O_CREAT|O_APPEND, 0666) = 513
37782 close(513)                        = 0
37793 openat(AT_FDCWD, "./remon.log", O_WRONLY|O_CREAT|O_APPEND, 0666) = 513
37793 close(513)                        = 0
37782 openat(AT_FDCWD, "./remon.log", O_WRONLY|O_CREAT|O_APPEND, 0666) = 513
37782 close(513)                        = 0
37793 openat(AT_FDCWD, "./remon.log", O_WRONLY|O_CREAT|O_APPEND, 0666) = 513
37793 close(513)                        = 0
37782 openat(AT_FDCWD, "./remon.log", O_WRONLY|O_CREAT|O_APPEND, 0666) = 513
37782 close(513)                        = 0
37793 openat(AT_FDCWD, "./remon.log", O_WRONLY|O_CREAT|O_APPEND, 0666) = 513
37793 close(513)                        = 0
37782 openat(AT_FDCWD, "./remon.log", O_WRONLY|O_CREAT|O_APPEND, 0666) = 513
37782 close(513)                        = 0
37793 openat(AT_FDCWD, "./remon.log", O_WRONLY|O_CREAT|O_APPEND, 0666) = 513
37793 close(513)                        = 0
37782 openat(AT_FDCWD, "./remon.log", O_WRONLY|O_CREAT|O_APPEND, 0666) = 513
37782 close(513)                        = 0
37793 openat(AT_FDCWD, "./remon.log", O_WRONLY|O_CREAT|O_APPEND, 0666) = 513
37793 close(513)                        = 0
37782 openat(AT_FDCWD, "./remon.log", O_WRONLY|O_CREAT|O_APPEND, 0666) = 513
37782 close(513)                        = 0
37793 openat(AT_FDCWD, "./remon.log", O_WRONLY|O_CREAT|O_APPEND, 0666) = 513
37793 close(513)                        = 0
37782 openat(AT_FDCWD, "./remon.log", O_WRONLY|O_CREAT|O_APPEND, 0666) = 513
37782 close(513)                        = 0
37793 openat(AT_FDCWD, "./remon.log", O_WRONLY|O_CREAT|O_APPEND, 0666) = 513
37793 close(513)                        = 0
37782 openat(AT_FDCWD, "./remon.log", O_WRONLY|O_CREAT|O_APPEND, 0666) = 513
37782 close(513)                        = 0
37793 openat(AT_FDCWD, "./remon.log", O_WRONLY|O_CREAT|O_APPEND, 0666) = 513
37793 close(513)                        = 0
37782 openat(AT_FDCWD, "./remon.log", O_WRONLY|O_CREAT|O_APPEND, 0666) = 513
37782 close(513)                        = 0
37793 openat(AT_FDCWD, "./remon.log", O_WRONLY|O_CREAT|O_APPEND, 0666) = 513
37793 close(513)                        = 0
37782 openat(AT_FDCWD, "./remon.log", O_WRONLY|O_CREAT|O_APPEND, 0666) = 513
37782 close(513)                        = 0
37793 openat(AT_FDCWD, "./remon.log", O_WRONLY|O_CREAT|O_APPEND, 0666) = 513
37793 close(513)                        = 0
37782 openat(AT_FDCWD, "./remon.log", O_WRONLY|O_CREAT|O_APPEND, 0666) = 513
37782 close(513)                        = 0
37793 openat(AT_FDCWD, "./remon.log", O_WRONLY|O_CREAT|O_APPEND, 0666) = 513
37793 close(513)                        = 0
37782 openat(AT_FDCWD, "./remon.log", O_WRONLY|O_CREAT|O_APPEND, 0666) = 513
37782 close(513)                        = 0
37793 openat(AT_FDCWD, "./remon.log", O_WRONLY|O_CREAT|O_APPEND, 0666) = 513
37793 close(513)                        = 0
37782 openat(AT_FDCWD, "./remon.log", O_WRONLY|O_CREAT|O_APPEND, 0666) = 513
37782 close(513)                        = 0
37793 openat(AT_FDCWD, "./remon.log", O_WRONLY|O_CREAT|O_APPEND, 0666) = 513
37793 close(513)                        = 0
37782 openat(AT_FDCWD, "./remon.log", O_WRONLY|O_CREAT|O_APPEND, 0666) = 513
37782 close(513)                        = 0
37793 openat(AT_FDCWD, "./remon.log", O_WRONLY|O_CREAT|O_APPEND, 0666) = 513
37793 close(513)                        = 0
37782 openat(AT_FDCWD, "./remon.log", O_WRONLY|O_CREAT|O_APPEND, 0666) = 513
37782 close(513)                        = 0
37793 openat(AT_FDCWD, "./remon.log", O_WRONLY|O_CREAT|O_APPEND, 0666) = 513
37793 close(513)                        = 0
37782 openat(AT_FDCWD, "./remon.log", O_WRONLY|O_CREAT|O_APPEND, 0666) = 513
37782 close(513)                        = 0
37793 openat(AT_FDCWD, "./remon.log", O_WRONLY|O_CREAT|O_APPEND, 0666) = 513
37793 close(513)                        = 0
37782 openat(AT_FDCWD, "./remon.log", O_WRONLY|O_CREAT|O_APPEND, 0666) = 513
37782 close(513)                        = 0
37793 openat(AT_FDCWD, "./remon.log", O_WRONLY|O_CREAT|O_APPEND, 0666) = 513
37793 close(513)                        = 0
37782 openat(AT_FDCWD, "./remon.log", O_WRONLY|O_CREAT|O_APPEND, 0666) = 513
37782 close(513)                        = 0
37793 openat(AT_FDCWD, "./remon.log", O_WRONLY|O_CREAT|O_APPEND, 0666) = 513
37793 close(513)                        = 0
37782 openat(AT_FDCWD, "./remon.log", O_WRONLY|O_CREAT|O_APPEND, 0666) = 513
37782 close(513)                        = 0
37793 openat(AT_FDCWD, "./remon.log", O_WRONLY|O_CREAT|O_APPEND, 0666) = 513
37793 close(513)                        = 0
37782 openat(AT_FDCWD, "./remon.log", O_WRONLY|O_CREAT|O_APPEND, 0666) = 513
37782 close(513)                        = 0
37793 openat(AT_FDCWD, "./remon.log", O_WRONLY|O_CREAT|O_APPEND, 0666) = 513
37793 close(513)                        = 0
37782 openat(AT_FDCWD, "./remon.log", O_WRONLY|O_CREAT|O_APPEND, 0666) = 513
37782 close(513)                        = 0
37793 openat(AT_FDCWD, "./remon.log", O_WRONLY|O_CREAT|O_APPEND, 0666) = 513
37793 close(513)                        = 0
37782 openat(AT_FDCWD, "./remon.log", O_WRONLY|O_CREAT|O_APPEND, 0666) = 513
37782 close(513)                        = 0
37793 openat(AT_FDCWD, "./remon.log", O_WRONLY|O_CREAT|O_APPEND, 0666) = 513
37793 close(513)                        = 0
37782 openat(AT_FDCWD, "./remon.log", O_WRONLY|O_CREAT|O_APPEND, 0666) = 513
37782 close(513)                        = 0
37793 openat(AT_FDCWD, "./remon.log", O_WRONLY|O_CREAT|O_APPEND, 0666) = 513
37793 close(513)                        = 0
37782 openat(AT_FDCWD, "./remon.log", O_WRONLY|O_CREAT|O_APPEND, 0666) = 513
37782 close(513)                        = 0
37793 openat(AT_FDCWD, "./remon.log", O_WRONLY|O_CREAT|O_APPEND, 0666) = 513
37793 close(513)                        = 0
37782 openat(AT_FDCWD, "./remon.log", O_WRONLY|O_CREAT|O_APPEND, 0666) = 513
37782 close(513)                        = 0
37793 openat(AT_FDCWD, "./remon.log", O_WRONLY|O_CREAT|O_APPEND, 0666) = 513
37793 close(513)                        = 0
37782 openat(AT_FDCWD, "./remon.log", O_WRONLY|O_CREAT|O_APPEND, 0666) = 513
37782 close(513)                        = 0
37793 openat(AT_FDCWD, "./remon.log", O_WRONLY|O_CREAT|O_APPEND, 0666) = 513
37793 close(513)                        = 0
37782 openat(AT_FDCWD, "./remon.log", O_WRONLY|O_CREAT|O_APPEND, 0666) = 513
37782 close(513)                        = 0
37793 openat(AT_FDCWD, "./remon.log", O_WRONLY|O_CREAT|O_APPEND, 0666) = 513
37793 close(513)                        = 0
37782 openat(AT_FDCWD, "./remon.log", O_WRONLY|O_CREAT|O_APPEND, 0666) = 513
37782 close(513)                        = 0
37793 openat(AT_FDCWD, "./remon.log", O_WRONLY|O_CREAT|O_APPEND, 0666) = 513
37793 close(513)                        = 0
37782 openat(AT_FDCWD, "./remon.log", O_WRONLY|O_CREAT|O_APPEND, 0666) = 513
37782 close(513)                        = 0
37793 openat(AT_FDCWD, "./remon.log", O_WRONLY|O_CREAT|O_APPEND, 0666) = 513
37793 close(513)                        = 0
37782 openat(AT_FDCWD, "./remon.log", O_WRONLY|O_CREAT|O_APPEND, 0666) = 513
37782 close(513)                        = 0
37793 openat(AT_FDCWD, "./remon.log", O_WRONLY|O_CREAT|O_APPEND, 0666) = 513
37793 close(513)                        = 0
37782 openat(AT_FDCWD, "./remon.log", O_WRONLY|O_CREAT|O_APPEND, 0666) = 513
37782 close(513)                        = 0
37793 openat(AT_FDCWD, "./remon.log", O_WRONLY|O_CREAT|O_APPEND, 0666) = 513
37793 close(513)                        = 0
37782 openat(AT_FDCWD, "./remon.log", O_WRONLY|O_CREAT|O_APPEND, 0666) = 513
37782 close(513)                        = 0
37793 openat(AT_FDCWD, "./remon.log", O_WRONLY|O_CREAT|O_APPEND, 0666) = 513
37793 close(513)                        = 0
37782 openat(AT_FDCWD, "./remon.log", O_WRONLY|O_CREAT|O_APPEND, 0666) = 513
37782 close(513)                        = 0
37793 openat(AT_FDCWD, "./remon.log", O_WRONLY|O_CREAT|O_APPEND, 0666) = 513
37793 close(513)                        = 0
37782 openat(AT_FDCWD, "./remon.log", O_WRONLY|O_CREAT|O_APPEND, 0666) = 513
37782 close(513)                        = 0
37793 openat(AT_FDCWD, "./remon.log", O_WRONLY|O_CREAT|O_APPEND, 0666) = 513
37793 close(513)                        = 0
37782 openat(AT_FDCWD, "./remon.log", O_WRONLY|O_CREAT|O_APPEND, 0666) = 513
37782 close(513)                        = 0
37793 openat(AT_FDCWD, "./remon.log", O_WRONLY|O_CREAT|O_APPEND, 0666) = 513
37793 close(513)                        = 0
37782 openat(AT_FDCWD, "./remon.log", O_WRONLY|O_CREAT|O_APPEND, 0666) = 513
37782 close(513)                        = 0
37793 openat(AT_FDCWD, "./remon.log", O_WRONLY|O_CREAT|O_APPEND, 0666) = 513
37793 close(513)                        = 0
37783 openat(AT_FDCWD, "/proc/self/statm", O_RDONLY) = 513
37782 openat(AT_FDCWD, "./remon.log", O_WRONLY|O_CREAT|O_APPEND, 0666) = 661
37783 close(513)                        = 0
37782 close(661)                        = 0
37793 openat(AT_FDCWD, "./remon.log", O_WRONLY|O_CREAT|O_APPEND, 0666) = 661
37793 close(661)                        = 0
37782 openat(AT_FDCWD, "./remon.log", O_WRONLY|O_CREAT|O_APPEND, 0666) = 661
37782 close(661)                        = 0
37793 openat(AT_FDCWD, "./remon.log", O_WRONLY|O_CREAT|O_APPEND, 0666) = 661
37793 close(661)                        = 0
37782 openat(AT_FDCWD, "./remon.log", O_WRONLY|O_CREAT|O_APPEND, 0666) = 661
37782 close(661)                        = 0
37793 openat(AT_FDCWD, "./remon.log", O_WRONLY|O_CREAT|O_APPEND, 0666) = 661
37793 close(661)                        = 0
37782 openat(AT_FDCWD, "./remon.log", O_WRONLY|O_CREAT|O_APPEND, 0666) = 661
37782 close(661)                        = 0
37793 openat(AT_FDCWD, "./remon.log", O_WRONLY|O_CREAT|O_APPEND, 0666) = 661
37793 close(661)                        = 0
37782 openat(AT_FDCWD, "./remon.log", O_WRONLY|O_CREAT|O_APPEND, 0666) = 661
37782 close(661)                        = 0
37793 openat(AT_FDCWD, "./remon.log", O_WRONLY|O_CREAT|O_APPEND, 0666) = 661
37793 close(661)                        = 0
37782 openat(AT_FDCWD, "./remon.log", O_WRONLY|O_CREAT|O_APPEND, 0666) = 661
37782 close(661)                        = 0
37793 openat(AT_FDCWD, "./remon.log", O_WRONLY|O_CREAT|O_APPEND, 0666) = 661
37793 close(661)                        = 0
37782 openat(AT_FDCWD, "./remon.log", O_WRONLY|O_CREAT|O_APPEND, 0666) = 661
37782 close(661)                        = 0
37793 openat(AT_FDCWD, "./remon.log", O_WRONLY|O_CREAT|O_APPEND, 0666) = 661
37793 close(661)                        = 0
37782 openat(AT_FDCWD, "./remon.log", O_WRONLY|O_CREAT|O_APPEND, 0666) = 661
37782 close(661)                        = 0
37793 openat(AT_FDCWD, "./remon.log", O_WRONLY|O_CREAT|O_APPEND, 0666) = 661
37793 close(661)                        = 0
37782 openat(AT_FDCWD, "./remon.log", O_WRONLY|O_CREAT|O_APPEND, 0666) = 661
37782 close(661)                        = 0
37793 openat(AT_FDCWD, "./remon.log", O_WRONLY|O_CREAT|O_APPEND, 0666) = 661
37793 close(661)                        = 0
37782 openat(AT_FDCWD, "./remon.log", O_WRONLY|O_CREAT|O_APPEND, 0666) = 661
37782 close(661)                        = 0
37793 openat(AT_FDCWD, "./remon.log", O_WRONLY|O_CREAT|O_APPEND, 0666) = 661
37793 close(661)                        = 0
37782 openat(AT_FDCWD, "./remon.log", O_WRONLY|O_CREAT|O_APPEND, 0666) = 661
37782 close(661)                        = 0
37793 openat(AT_FDCWD, "./remon.log", O_WRONLY|O_CREAT|O_APPEND, 0666) = 661
37793 close(661)                        = 0
37782 openat(AT_FDCWD, "./remon.log", O_WRONLY|O_CREAT|O_APPEND, 0666) = 661
37782 close(661)                        = 0
37793 openat(AT_FDCWD, "./remon.log", O_WRONLY|O_CREAT|O_APPEND, 0666) = 661
37793 close(661)                        = 0
37782 openat(AT_FDCWD, "./remon.log", O_WRONLY|O_CREAT|O_APPEND, 0666) = 661
37782 close(661)                        = 0
37793 openat(AT_FDCWD, "./remon.log", O_WRONLY|O_CREAT|O_APPEND, 0666) = 661
37793 close(661)                        = 0
37782 openat(AT_FDCWD, "./remon.log", O_WRONLY|O_CREAT|O_APPEND, 0666) = 661
37782 close(661)                        = 0
37793 openat(AT_FDCWD, "./remon.log", O_WRONLY|O_CREAT|O_APPEND, 0666) = 661
37793 close(661)                        = 0
37782 openat(AT_FDCWD, "./remon.log", O_WRONLY|O_CREAT|O_APPEND, 0666) = 661
37782 close(661)                        = 0
37793 openat(AT_FDCWD, "./remon.log", O_WRONLY|O_CREAT|O_APPEND, 0666) = 661
37793 close(661)                        = 0
37782 openat(AT_FDCWD, "./remon.log", O_WRONLY|O_CREAT|O_APPEND, 0666) = 661
37782 close(661)                        = 0
37793 openat(AT_FDCWD, "./remon.log", O_WRONLY|O_CREAT|O_APPEND, 0666) = 661
37793 close(661)                        = 0
37782 openat(AT_FDCWD, "./remon.log", O_WRONLY|O_CREAT|O_APPEND, 0666) = 661
37782 close(661)                        = 0
37793 openat(AT_FDCWD, "./remon.log", O_WRONLY|O_CREAT|O_APPEND, 0666) = 661
37793 close(661)                        = 0
37782 openat(AT_FDCWD, "./remon.log", O_WRONLY|O_CREAT|O_APPEND, 0666) = 661
37782 close(661)                        = 0
37793 openat(AT_FDCWD, "./remon.log", O_WRONLY|O_CREAT|O_APPEND, 0666) = 661
37793 close(661)                        = 0
37782 openat(AT_FDCWD, "./remon.log", O_WRONLY|O_CREAT|O_APPEND, 0666) = 661
37782 close(661)                        = 0
37793 openat(AT_FDCWD, "./remon.log", O_WRONLY|O_CREAT|O_APPEND, 0666) = 661
37793 close(661)                        = 0
37782 openat(AT_FDCWD, "./remon.log", O_WRONLY|O_CREAT|O_APPEND, 0666) = 661
37782 close(661)                        = 0
37793 openat(AT_FDCWD, "./remon.log", O_WRONLY|O_CREAT|O_APPEND, 0666) = 661
37793 close(661)                        = 0
37782 openat(AT_FDCWD, "./remon.log", O_WRONLY|O_CREAT|O_APPEND, 0666) = 661
37782 close(661)                        = 0
37793 openat(AT_FDCWD, "./remon.log", O_WRONLY|O_CREAT|O_APPEND, 0666) = 661
37793 close(661)                        = 0
37782 openat(AT_FDCWD, "./remon.log", O_WRONLY|O_CREAT|O_APPEND, 0666) = 661
37782 close(661)                        = 0
37793 openat(AT_FDCWD, "./remon.log", O_WRONLY|O_CREAT|O_APPEND, 0666) = 661
37793 close(661)                        = 0
37782 openat(AT_FDCWD, "./remon.log", O_WRONLY|O_CREAT|O_APPEND, 0666) = 661
37782 close(661)                        = 0
37793 openat(AT_FDCWD, "./remon.log", O_WRONLY|O_CREAT|O_APPEND, 0666) = 661
37793 close(661)                        = 0
37782 openat(AT_FDCWD, "./remon.log", O_WRONLY|O_CREAT|O_APPEND, 0666) = 661
37782 close(661)                        = 0
37793 openat(AT_FDCWD, "./remon.log", O_WRONLY|O_CREAT|O_APPEND, 0666) = 661
37793 close(661)                        = 0
37782 openat(AT_FDCWD, "./remon.log", O_WRONLY|O_CREAT|O_APPEND, 0666) = 661
37782 close(661)                        = 0
37793 openat(AT_FDCWD, "./remon.log", O_WRONLY|O_CREAT|O_APPEND, 0666) = 661
37793 close(661)                        = 0
37782 openat(AT_FDCWD, "./remon.log", O_WRONLY|O_CREAT|O_APPEND, 0666) = 661
37782 close(661)                        = 0
37793 openat(AT_FDCWD, "./remon.log", O_WRONLY|O_CREAT|O_APPEND, 0666) = 661
37793 close(661)                        = 0
37782 openat(AT_FDCWD, "./remon.log", O_WRONLY|O_CREAT|O_APPEND, 0666) = 661
37782 close(661)                        = 0
37793 openat(AT_FDCWD, "./remon.log", O_WRONLY|O_CREAT|O_APPEND, 0666) = 661
37793 close(661)                        = 0
37782 openat(AT_FDCWD, "./remon.log", O_WRONLY|O_CREAT|O_APPEND, 0666) = 661
37782 close(661)                        = 0
37793 openat(AT_FDCWD, "./remon.log", O_WRONLY|O_CREAT|O_APPEND, 0666) = 661
37793 close(661)                        = 0
37782 openat(AT_FDCWD, "./remon.log", O_WRONLY|O_CREAT|O_APPEND, 0666) = 661
37782 close(661)                        = 0
37793 openat(AT_FDCWD, "./remon.log", O_WRONLY|O_CREAT|O_APPEND, 0666) = 661
37793 close(661)                        = 0
37782 openat(AT_FDCWD, "./remon.log", O_WRONLY|O_CREAT|O_APPEND, 0666) = 661
37782 close(661)                        = 0
37793 openat(AT_FDCWD, "./remon.log", O_WRONLY|O_CREAT|O_APPEND, 0666) = 661
37793 close(661)                        = 0
37782 openat(AT_FDCWD, "./remon.log", O_WRONLY|O_CREAT|O_APPEND, 0666) = 661
37782 close(661)                        = 0
37793 openat(AT_FDCWD, "./remon.log", O_WRONLY|O_CREAT|O_APPEND, 0666) = 661
37793 close(661)                        = 0
37782 openat(AT_FDCWD, "./remon.log", O_WRONLY|O_CREAT|O_APPEND, 0666) = 661
37782 close(661)                        = 0
37793 openat(AT_FDCWD, "./remon.log", O_WRONLY|O_CREAT|O_APPEND, 0666) = 661
37793 close(661)                        = 0
37782 openat(AT_FDCWD, "./remon.log", O_WRONLY|O_CREAT|O_APPEND, 0666) = 661
37782 close(661)                        = 0
37793 openat(AT_FDCWD, "./remon.log", O_WRONLY|O_CREAT|O_APPEND, 0666) = 661
37793 close(661)                        = 0
37782 openat(AT_FDCWD, "./remon.log", O_WRONLY|O_CREAT|O_APPEND, 0666) = 661
37782 close(661)                        = 0
37793 openat(AT_FDCWD, "./remon.log", O_WRONLY|O_CREAT|O_APPEND, 0666) = 661
37793 close(661)                        = 0
37782 openat(AT_FDCWD, "./remon.log", O_WRONLY|O_CREAT|O_APPEND, 0666) = 661
37782 close(661)                        = 0
37793 openat(AT_FDCWD, "./remon.log", O_WRONLY|O_CREAT|O_APPEND, 0666) = 661
37793 close(661)                        = 0
37782 openat(AT_FDCWD, "./remon.log", O_WRONLY|O_CREAT|O_APPEND, 0666) = 661
37782 close(661)                        = 0
37793 openat(AT_FDCWD, "./remon.log", O_WRONLY|O_CREAT|O_APPEND, 0666) = 661
37793 close(661)                        = 0
37782 openat(AT_FDCWD, "./remon.log", O_WRONLY|O_CREAT|O_APPEND, 0666) = 661
37782 close(661)                        = 0
37793 openat(AT_FDCWD, "./remon.log", O_WRONLY|O_CREAT|O_APPEND, 0666) = 661
37793 close(661)                        = 0
37782 openat(AT_FDCWD, "./remon.log", O_WRONLY|O_CREAT|O_APPEND, 0666) = 661
37782 close(661)                        = 0
37793 openat(AT_FDCWD, "./remon.log", O_WRONLY|O_CREAT|O_APPEND, 0666) = 661
37793 close(661)                        = 0
37782 openat(AT_FDCWD, "./remon.log", O_WRONLY|O_CREAT|O_APPEND, 0666) = 661
37782 close(661)                        = 0
37793 openat(AT_FDCWD, "./remon.log", O_WRONLY|O_CREAT|O_APPEND, 0666) = 661
37793 close(661)                        = 0
37782 openat(AT_FDCWD, "./remon.log", O_WRONLY|O_CREAT|O_APPEND, 0666) = 661
37782 close(661)                        = 0
37793 openat(AT_FDCWD, "./remon.log", O_WRONLY|O_CREAT|O_APPEND, 0666) = 661
37793 close(661)                        = 0
37782 openat(AT_FDCWD, "./remon.log", O_WRONLY|O_CREAT|O_APPEND, 0666) = 661
37782 close(661)                        = 0
37793 openat(AT_FDCWD, "./remon.log", O_WRONLY|O_CREAT|O_APPEND, 0666) = 661
37793 close(661)                        = 0
37782 openat(AT_FDCWD, "./remon.log", O_WRONLY|O_CREAT|O_APPEND, 0666) = 661
37782 close(661)                        = 0
37793 openat(AT_FDCWD, "./remon.log", O_WRONLY|O_CREAT|O_APPEND, 0666) = 661
37793 close(661)                        = 0
37782 openat(AT_FDCWD, "./remon.log", O_WRONLY|O_CREAT|O_APPEND, 0666) = 661
37782 close(661)                        = 0
37793 openat(AT_FDCWD, "./remon.log", O_WRONLY|O_CREAT|O_APPEND, 0666) = 661
37793 close(661)                        = 0
37782 openat(AT_FDCWD, "./remon.log", O_WRONLY|O_CREAT|O_APPEND, 0666) = 661
37782 close(661)                        = 0
37793 openat(AT_FDCWD, "./remon.log", O_WRONLY|O_CREAT|O_APPEND, 0666) = 661
37793 close(661)                        = 0
37782 openat(AT_FDCWD, "./remon.log", O_WRONLY|O_CREAT|O_APPEND, 0666) = 661
37782 close(661)                        = 0
37793 openat(AT_FDCWD, "./remon.log", O_WRONLY|O_CREAT|O_APPEND, 0666) = 661
37793 close(661)                        = 0
37782 openat(AT_FDCWD, "./remon.log", O_WRONLY|O_CREAT|O_APPEND, 0666) = 661
37782 close(661)                        = 0
37793 openat(AT_FDCWD, "./remon.log", O_WRONLY|O_CREAT|O_APPEND, 0666) = 661
37793 close(661)                        = 0
37782 openat(AT_FDCWD, "./remon.log", O_WRONLY|O_CREAT|O_APPEND, 0666) = 661
37782 close(661)                        = 0
37793 openat(AT_FDCWD, "./remon.log", O_WRONLY|O_CREAT|O_APPEND, 0666) = 661
37793 close(661)                        = 0
37782 openat(AT_FDCWD, "./remon.log", O_WRONLY|O_CREAT|O_APPEND, 0666) = 661
37782 close(661)                        = 0
37793 openat(AT_FDCWD, "./remon.log", O_WRONLY|O_CREAT|O_APPEND, 0666) = 661
37793 close(661)                        = 0
37782 openat(AT_FDCWD, "./remon.log", O_WRONLY|O_CREAT|O_APPEND, 0666) = 661
37782 close(661)                        = 0
37793 openat(AT_FDCWD, "./remon.log", O_WRONLY|O_CREAT|O_APPEND, 0666) = 661
37793 close(661)                        = 0
37782 openat(AT_FDCWD, "./remon.log", O_WRONLY|O_CREAT|O_APPEND, 0666) = 661
37782 close(661)                        = 0
37793 openat(AT_FDCWD, "./remon.log", O_WRONLY|O_CREAT|O_APPEND, 0666) = 661
37793 close(661)                        = 0
37782 openat(AT_FDCWD, "./remon.log", O_WRONLY|O_CREAT|O_APPEND, 0666) = 661
37782 close(661)                        = 0
37793 openat(AT_FDCWD, "./remon.log", O_WRONLY|O_CREAT|O_APPEND, 0666) = 661
37793 close(661)                        = 0
37782 openat(AT_FDCWD, "./remon.log", O_WRONLY|O_CREAT|O_APPEND, 0666) = 661
37782 close(661)                        = 0
37793 openat(AT_FDCWD, "./remon.log", O_WRONLY|O_CREAT|O_APPEND, 0666) = 661
37793 close(661)                        = 0
37782 openat(AT_FDCWD, "./remon.log", O_WRONLY|O_CREAT|O_APPEND, 0666) = 661
37782 close(661)                        = 0
37793 openat(AT_FDCWD, "./remon.log", O_WRONLY|O_CREAT|O_APPEND, 0666) = 661
37793 close(661)                        = 0
37782 openat(AT_FDCWD, "./remon.log", O_WRONLY|O_CREAT|O_APPEND, 0666) = 661
37782 close(661)                        = 0
37793 openat(AT_FDCWD, "./remon.log", O_WRONLY|O_CREAT|O_APPEND, 0666) = 661
37793 close(661)                        = 0
37782 openat(AT_FDCWD, "./remon.log", O_WRONLY|O_CREAT|O_APPEND, 0666) = 661
37782 close(661)                        = 0
37793 openat(AT_FDCWD, "./remon.log", O_WRONLY|O_CREAT|O_APPEND, 0666) = 661
37793 close(661)                        = 0
37782 openat(AT_FDCWD, "./remon.log", O_WRONLY|O_CREAT|O_APPEND, 0666) = 661
37782 close(661)                        = 0
37793 openat(AT_FDCWD, "./remon.log", O_WRONLY|O_CREAT|O_APPEND, 0666) = 661
37793 close(661)                        = 0
37782 openat(AT_FDCWD, "./remon.log", O_WRONLY|O_CREAT|O_APPEND, 0666) = 661
37782 close(661)                        = 0
37793 openat(AT_FDCWD, "./remon.log", O_WRONLY|O_CREAT|O_APPEND, 0666) = 661
37793 close(661)                        = 0
37782 openat(AT_FDCWD, "./remon.log", O_WRONLY|O_CREAT|O_APPEND, 0666) = 661
37782 close(661)                        = 0
37793 openat(AT_FDCWD, "./remon.log", O_WRONLY|O_CREAT|O_APPEND, 0666) = 661
37793 close(661)                        = 0
37782 openat(AT_FDCWD, "./remon.log", O_WRONLY|O_CREAT|O_APPEND, 0666) = 661
37782 close(661)                        = 0
37793 openat(AT_FDCWD, "./remon.log", O_WRONLY|O_CREAT|O_APPEND, 0666) = 661
37793 close(661)                        = 0
37782 openat(AT_FDCWD, "./remon.log", O_WRONLY|O_CREAT|O_APPEND, 0666) = 661
37782 close(661)                        = 0
37793 openat(AT_FDCWD, "./remon.log", O_WRONLY|O_CREAT|O_APPEND, 0666) = 661
37793 close(661)                        = 0
37782 openat(AT_FDCWD, "./remon.log", O_WRONLY|O_CREAT|O_APPEND, 0666) = 661
37782 close(661)                        = 0
37793 openat(AT_FDCWD, "./remon.log", O_WRONLY|O_CREAT|O_APPEND, 0666) = 661
37793 close(661)                        = 0
37782 openat(AT_FDCWD, "./remon.log", O_WRONLY|O_CREAT|O_APPEND, 0666) = 661
37782 close(661)                        = 0
37793 openat(AT_FDCWD, "./remon.log", O_WRONLY|O_CREAT|O_APPEND, 0666) = 661
37793 close(661)                        = 0
37782 openat(AT_FDCWD, "./remon.log", O_WRONLY|O_CREAT|O_APPEND, 0666) = 661
37782 close(661)                        = 0
37783 openat(AT_FDCWD, "/proc/self/statm", O_RDONLY <unfinished ...>
37793 openat(AT_FDCWD, "./remon.log", O_WRONLY|O_CREAT|O_APPEND, 0666) = 724
37783 <... openat resumed>)             = 661
37793 close(724 <unfinished ...>
37783 close(661 <unfinished ...>
37793 <... close resumed>)              = 0
37783 <... close resumed>)              = 0
37782 openat(AT_FDCWD, "./remon.log", O_WRONLY|O_CREAT|O_APPEND, 0666) = 661
37782 close(661)                        = 0
37793 openat(AT_FDCWD, "./remon.log", O_WRONLY|O_CREAT|O_APPEND, 0666) = 661
37793 close(661)                        = 0
37782 openat(AT_FDCWD, "./remon.log", O_WRONLY|O_CREAT|O_APPEND, 0666) = 661
37782 close(661)                        = 0
37793 openat(AT_FDCWD, "./remon.log", O_WRONLY|O_CREAT|O_APPEND, 0666) = 661
37793 close(661)                        = 0
37782 openat(AT_FDCWD, "./remon.log", O_WRONLY|O_CREAT|O_APPEND, 0666) = 661
37782 close(661)                        = 0
37793 openat(AT_FDCWD, "./remon.log", O_WRONLY|O_CREAT|O_APPEND, 0666) = 661
37793 close(661)                        = 0
37782 openat(AT_FDCWD, "./remon.log", O_WRONLY|O_CREAT|O_APPEND, 0666) = 661
37782 close(661)                        = 0
37793 openat(AT_FDCWD, "./remon.log", O_WRONLY|O_CREAT|O_APPEND, 0666) = 661
37793 close(661)                        = 0
37782 openat(AT_FDCWD, "./remon.log", O_WRONLY|O_CREAT|O_APPEND, 0666) = 661
37782 close(661)                        = 0
37793 openat(AT_FDCWD, "./remon.log", O_WRONLY|O_CREAT|O_APPEND, 0666) = 661
37793 close(661)                        = 0
37782 openat(AT_FDCWD, "./remon.log", O_WRONLY|O_CREAT|O_APPEND, 0666) = 661
37782 close(661)                        = 0
37793 openat(AT_FDCWD, "./remon.log", O_WRONLY|O_CREAT|O_APPEND, 0666) = 661
37793 close(661)                        = 0
37782 openat(AT_FDCWD, "./remon.log", O_WRONLY|O_CREAT|O_APPEND, 0666) = 661
37782 close(661)                        = 0
37793 openat(AT_FDCWD, "./remon.log", O_WRONLY|O_CREAT|O_APPEND, 0666) = 661
37793 close(661)                        = 0
37782 openat(AT_FDCWD, "./remon.log", O_WRONLY|O_CREAT|O_APPEND, 0666) = 661
37782 close(661)                        = 0
37793 openat(AT_FDCWD, "./remon.log", O_WRONLY|O_CREAT|O_APPEND, 0666) = 661
37793 close(661)                        = 0
37782 openat(AT_FDCWD, "./remon.log", O_WRONLY|O_CREAT|O_APPEND, 0666) = 661
37782 close(661)                        = 0
37793 openat(AT_FDCWD, "./remon.log", O_WRONLY|O_CREAT|O_APPEND, 0666) = 661
37793 close(661)                        = 0
37782 openat(AT_FDCWD, "./remon.log", O_WRONLY|O_CREAT|O_APPEND, 0666) = 661
37782 close(661)                        = 0
37793 openat(AT_FDCWD, "./remon.log", O_WRONLY|O_CREAT|O_APPEND, 0666) = 661
37793 close(661)                        = 0
37782 openat(AT_FDCWD, "./remon.log", O_WRONLY|O_CREAT|O_APPEND, 0666) = 661
37782 close(661)                        = 0
37793 openat(AT_FDCWD, "./remon.log", O_WRONLY|O_CREAT|O_APPEND, 0666) = 661
37793 close(661)                        = 0
37782 openat(AT_FDCWD, "./remon.log", O_WRONLY|O_CREAT|O_APPEND, 0666) = 661
37782 close(661)                        = 0
37793 openat(AT_FDCWD, "./remon.log", O_WRONLY|O_CREAT|O_APPEND, 0666) = 661
37793 close(661)                        = 0
37782 openat(AT_FDCWD, "./remon.log", O_WRONLY|O_CREAT|O_APPEND, 0666) = 661
37782 close(661)                        = 0
37793 openat(AT_FDCWD, "./remon.log", O_WRONLY|O_CREAT|O_APPEND, 0666) = 661
37793 close(661)                        = 0
37782 openat(AT_FDCWD, "./remon.log", O_WRONLY|O_CREAT|O_APPEND, 0666) = 661
37782 close(661)                        = 0
37793 openat(AT_FDCWD, "./remon.log", O_WRONLY|O_CREAT|O_APPEND, 0666) = 661
37793 close(661)                        = 0
37782 openat(AT_FDCWD, "./remon.log", O_WRONLY|O_CREAT|O_APPEND, 0666) = 661
37782 close(661)                        = 0
37793 openat(AT_FDCWD, "./remon.log", O_WRONLY|O_CREAT|O_APPEND, 0666) = 661
37793 close(661)                        = 0
37782 openat(AT_FDCWD, "./remon.log", O_WRONLY|O_CREAT|O_APPEND, 0666) = 661
37782 close(661)                        = 0
37793 openat(AT_FDCWD, "./remon.log", O_WRONLY|O_CREAT|O_APPEND, 0666) = 661
37793 close(661)                        = 0
37782 openat(AT_FDCWD, "./remon.log", O_WRONLY|O_CREAT|O_APPEND, 0666) = 661
37782 close(661)                        = 0
37793 openat(AT_FDCWD, "./remon.log", O_WRONLY|O_CREAT|O_APPEND, 0666) = 661
37793 close(661)                        = 0
37782 openat(AT_FDCWD, "./remon.log", O_WRONLY|O_CREAT|O_APPEND, 0666) = 661
37782 close(661)                        = 0
37793 openat(AT_FDCWD, "./remon.log", O_WRONLY|O_CREAT|O_APPEND, 0666) = 661
37793 close(661)                        = 0
37782 openat(AT_FDCWD, "./remon.log", O_WRONLY|O_CREAT|O_APPEND, 0666) = 661
37782 close(661)                        = 0
37793 openat(AT_FDCWD, "./remon.log", O_WRONLY|O_CREAT|O_APPEND, 0666) = 661
37793 close(661)                        = 0
37782 openat(AT_FDCWD, "./remon.log", O_WRONLY|O_CREAT|O_APPEND, 0666) = 661
37782 close(661)                        = 0
37793 openat(AT_FDCWD, "./remon.log", O_WRONLY|O_CREAT|O_APPEND, 0666) = 661
37793 close(661)                        = 0
37782 openat(AT_FDCWD, "./remon.log", O_WRONLY|O_CREAT|O_APPEND, 0666) = 661
37782 close(661)                        = 0
37793 openat(AT_FDCWD, "./remon.log", O_WRONLY|O_CREAT|O_APPEND, 0666) = 661
37793 close(661)                        = 0
37782 openat(AT_FDCWD, "./remon.log", O_WRONLY|O_CREAT|O_APPEND, 0666) = 661
37782 close(661)                        = 0
37793 openat(AT_FDCWD, "./remon.log", O_WRONLY|O_CREAT|O_APPEND, 0666) = 661
37793 close(661)                        = 0
37782 openat(AT_FDCWD, "./remon.log", O_WRONLY|O_CREAT|O_APPEND, 0666) = 661
37782 close(661)                        = 0
37793 openat(AT_FDCWD, "./remon.log", O_WRONLY|O_CREAT|O_APPEND, 0666) = 661
37793 close(661)                        = 0
37782 openat(AT_FDCWD, "./remon.log", O_WRONLY|O_CREAT|O_APPEND, 0666) = 661
37782 close(661)                        = 0
37793 openat(AT_FDCWD, "./remon.log", O_WRONLY|O_CREAT|O_APPEND, 0666) = 661
37793 close(661)                        = 0
37782 openat(AT_FDCWD, "./remon.log", O_WRONLY|O_CREAT|O_APPEND, 0666) = 661
37782 close(661)                        = 0
37793 openat(AT_FDCWD, "./remon.log", O_WRONLY|O_CREAT|O_APPEND, 0666) = 661
37793 close(661)                        = 0
37782 openat(AT_FDCWD, "./remon.log", O_WRONLY|O_CREAT|O_APPEND, 0666) = 661
37782 close(661)                        = 0
37793 openat(AT_FDCWD, "./remon.log", O_WRONLY|O_CREAT|O_APPEND, 0666) = 661
37793 close(661)                        = 0
37782 openat(AT_FDCWD, "./remon.log", O_WRONLY|O_CREAT|O_APPEND, 0666) = 661
37782 close(661)                        = 0
37793 openat(AT_FDCWD, "./remon.log", O_WRONLY|O_CREAT|O_APPEND, 0666) = 661
37793 close(661)                        = 0
37782 openat(AT_FDCWD, "./remon.log", O_WRONLY|O_CREAT|O_APPEND, 0666) = 661
37782 close(661)                        = 0
37793 openat(AT_FDCWD, "./remon.log", O_WRONLY|O_CREAT|O_APPEND, 0666) = 661
37793 close(661)                        = 0
37782 openat(AT_FDCWD, "./remon.log", O_WRONLY|O_CREAT|O_APPEND, 0666) = 661
37782 close(661)                        = 0
37793 openat(AT_FDCWD, "./remon.log", O_WRONLY|O_CREAT|O_APPEND, 0666) = 661
37793 close(661)                        = 0
37782 openat(AT_FDCWD, "./remon.log", O_WRONLY|O_CREAT|O_APPEND, 0666) = 661
37782 close(661)                        = 0
37793 openat(AT_FDCWD, "./remon.log", O_WRONLY|O_CREAT|O_APPEND, 0666) = 661
37793 close(661)                        = 0
37782 openat(AT_FDCWD, "./remon.log", O_WRONLY|O_CREAT|O_APPEND, 0666) = 661
37782 close(661)                        = 0
37793 openat(AT_FDCWD, "./remon.log", O_WRONLY|O_CREAT|O_APPEND, 0666) = 661
37793 close(661)                        = 0
37782 openat(AT_FDCWD, "./remon.log", O_WRONLY|O_CREAT|O_APPEND, 0666) = 661
37782 close(661)                        = 0
37793 openat(AT_FDCWD, "./remon.log", O_WRONLY|O_CREAT|O_APPEND, 0666) = 661
37793 close(661)                        = 0
37782 openat(AT_FDCWD, "./remon.log", O_WRONLY|O_CREAT|O_APPEND, 0666) = 661
37782 close(661)                        = 0
37793 openat(AT_FDCWD, "./remon.log", O_WRONLY|O_CREAT|O_APPEND, 0666) = 661
37793 close(661)                        = 0
37782 openat(AT_FDCWD, "./remon.log", O_WRONLY|O_CREAT|O_APPEND, 0666) = 661
37782 close(661)                        = 0
37793 openat(AT_FDCWD, "./remon.log", O_WRONLY|O_CREAT|O_APPEND, 0666) = 661
37793 close(661)                        = 0
37782 openat(AT_FDCWD, "./remon.log", O_WRONLY|O_CREAT|O_APPEND, 0666) = 661
37782 close(661)                        = 0
37793 openat(AT_FDCWD, "./remon.log", O_WRONLY|O_CREAT|O_APPEND, 0666) = 661
37793 close(661)                        = 0
37782 openat(AT_FDCWD, "./remon.log", O_WRONLY|O_CREAT|O_APPEND, 0666) = 661
37782 close(661)                        = 0
37793 openat(AT_FDCWD, "./remon.log", O_WRONLY|O_CREAT|O_APPEND, 0666) = 661
37793 close(661)                        = 0
37782 openat(AT_FDCWD, "./remon.log", O_WRONLY|O_CREAT|O_APPEND, 0666) = 661
37782 close(661)                        = 0
37793 openat(AT_FDCWD, "./remon.log", O_WRONLY|O_CREAT|O_APPEND, 0666) = 661
37793 close(661)                        = 0
37782 openat(AT_FDCWD, "./remon.log", O_WRONLY|O_CREAT|O_APPEND, 0666) = 661
37782 close(661)                        = 0
37793 openat(AT_FDCWD, "./remon.log", O_WRONLY|O_CREAT|O_APPEND, 0666) = 661
37793 close(661)                        = 0
37782 openat(AT_FDCWD, "./remon.log", O_WRONLY|O_CREAT|O_APPEND, 0666) = 661
37782 close(661)                        = 0
37793 openat(AT_FDCWD, "./remon.log", O_WRONLY|O_CREAT|O_APPEND, 0666) = 661
37793 close(661)                        = 0
37782 openat(AT_FDCWD, "./remon.log", O_WRONLY|O_CREAT|O_APPEND, 0666) = 661
37782 close(661)                        = 0
37793 openat(AT_FDCWD, "./remon.log", O_WRONLY|O_CREAT|O_APPEND, 0666) = 661
37793 close(661)                        = 0
37782 openat(AT_FDCWD, "./remon.log", O_WRONLY|O_CREAT|O_APPEND, 0666) = 661
37782 close(661)                        = 0
37793 openat(AT_FDCWD, "./remon.log", O_WRONLY|O_CREAT|O_APPEND, 0666) = 661
37793 close(661)                        = 0
37782 openat(AT_FDCWD, "./remon.log", O_WRONLY|O_CREAT|O_APPEND, 0666) = 661
37782 close(661)                        = 0
37793 openat(AT_FDCWD, "./remon.log", O_WRONLY|O_CREAT|O_APPEND, 0666) = 661
37793 close(661)                        = 0
37782 openat(AT_FDCWD, "./remon.log", O_WRONLY|O_CREAT|O_APPEND, 0666) = 661
37782 close(661)                        = 0
37793 openat(AT_FDCWD, "./remon.log", O_WRONLY|O_CREAT|O_APPEND, 0666) = 661
37793 close(661)                        = 0
37782 openat(AT_FDCWD, "./remon.log", O_WRONLY|O_CREAT|O_APPEND, 0666) = 661
37782 close(661)                        = 0
37793 openat(AT_FDCWD, "./remon.log", O_WRONLY|O_CREAT|O_APPEND, 0666) = 661
37793 close(661)                        = 0
37782 openat(AT_FDCWD, "./remon.log", O_WRONLY|O_CREAT|O_APPEND, 0666) = 661
37782 close(661)                        = 0
37793 openat(AT_FDCWD, "./remon.log", O_WRONLY|O_CREAT|O_APPEND, 0666) = 661
37793 close(661)                        = 0
37782 openat(AT_FDCWD, "./remon.log", O_WRONLY|O_CREAT|O_APPEND, 0666) = 661
37782 close(661)                        = 0
37793 openat(AT_FDCWD, "./remon.log", O_WRONLY|O_CREAT|O_APPEND, 0666) = 661
37793 close(661)                        = 0
37782 openat(AT_FDCWD, "./remon.log", O_WRONLY|O_CREAT|O_APPEND, 0666) = 661
37782 close(661)                        = 0
37793 openat(AT_FDCWD, "./remon.log", O_WRONLY|O_CREAT|O_APPEND, 0666) = 661
37793 close(661)                        = 0
37782 openat(AT_FDCWD, "./remon.log", O_WRONLY|O_CREAT|O_APPEND, 0666) = 661
37782 close(661)                        = 0
37793 openat(AT_FDCWD, "./remon.log", O_WRONLY|O_CREAT|O_APPEND, 0666) = 661
37793 close(661)                        = 0
37782 openat(AT_FDCWD, "./remon.log", O_WRONLY|O_CREAT|O_APPEND, 0666) = 661
37782 close(661)                        = 0
37793 openat(AT_FDCWD, "./remon.log", O_WRONLY|O_CREAT|O_APPEND, 0666) = 661
37793 close(661)                        = 0
37782 openat(AT_FDCWD, "./remon.log", O_WRONLY|O_CREAT|O_APPEND, 0666) = 661
37782 close(661)                        = 0
37793 openat(AT_FDCWD, "./remon.log", O_WRONLY|O_CREAT|O_APPEND, 0666) = 661
37793 close(661)                        = 0
37782 openat(AT_FDCWD, "./remon.log", O_WRONLY|O_CREAT|O_APPEND, 0666) = 661
37782 close(661)                        = 0
37793 openat(AT_FDCWD, "./remon.log", O_WRONLY|O_CREAT|O_APPEND, 0666) = 661
37793 close(661)                        = 0
37782 openat(AT_FDCWD, "./remon.log", O_WRONLY|O_CREAT|O_APPEND, 0666) = 661
37782 close(661)                        = 0
37793 openat(AT_FDCWD, "./remon.log", O_WRONLY|O_CREAT|O_APPEND, 0666) = 661
37793 close(661)                        = 0
37782 openat(AT_FDCWD, "./remon.log", O_WRONLY|O_CREAT|O_APPEND, 0666) = 661
37782 close(661)                        = 0
37793 openat(AT_FDCWD, "./remon.log", O_WRONLY|O_CREAT|O_APPEND, 0666) = 661
37793 close(661)                        = 0
37782 openat(AT_FDCWD, "./remon.log", O_WRONLY|O_CREAT|O_APPEND, 0666) = 661
37782 close(661)                        = 0
37793 openat(AT_FDCWD, "./remon.log", O_WRONLY|O_CREAT|O_APPEND, 0666) = 661
37793 close(661)                        = 0
37782 openat(AT_FDCWD, "./remon.log", O_WRONLY|O_CREAT|O_APPEND, 0666) = 661
37782 close(661)                        = 0
37793 openat(AT_FDCWD, "./remon.log", O_WRONLY|O_CREAT|O_APPEND, 0666) = 661
37793 close(661)                        = 0
37782 openat(AT_FDCWD, "./remon.log", O_WRONLY|O_CREAT|O_APPEND, 0666) = 661
37782 close(661)                        = 0
37793 openat(AT_FDCWD, "./remon.log", O_WRONLY|O_CREAT|O_APPEND, 0666) = 661
37793 close(661)                        = 0
37782 openat(AT_FDCWD, "./remon.log", O_WRONLY|O_CREAT|O_APPEND, 0666) = 661
37782 close(661)                        = 0
37793 openat(AT_FDCWD, "./remon.log", O_WRONLY|O_CREAT|O_APPEND, 0666) = 661
37793 close(661)                        = 0
37782 openat(AT_FDCWD, "./remon.log", O_WRONLY|O_CREAT|O_APPEND, 0666) = 661
37782 close(661)                        = 0
37793 openat(AT_FDCWD, "./remon.log", O_WRONLY|O_CREAT|O_APPEND, 0666) = 661
37793 close(661 <unfinished ...>
37783 openat(AT_FDCWD, "/proc/self/statm", O_RDONLY <unfinished ...>
37793 <... close resumed>)              = 0
37783 <... openat resumed>)             = 661
37783 close(661)                        = 0
37782 openat(AT_FDCWD, "./remon.log", O_WRONLY|O_CREAT|O_APPEND, 0666) = 661
37782 close(661)                        = 0
37793 openat(AT_FDCWD, "./remon.log", O_WRONLY|O_CREAT|O_APPEND, 0666) = 661
37793 close(661)                        = 0
37782 openat(AT_FDCWD, "./remon.log", O_WRONLY|O_CREAT|O_APPEND, 0666) = 661
37782 close(661)                        = 0
37793 openat(AT_FDCWD, "./remon.log", O_WRONLY|O_CREAT|O_APPEND, 0666) = 661
37793 close(661)                        = 0
37782 openat(AT_FDCWD, "./remon.log", O_WRONLY|O_CREAT|O_APPEND, 0666) = 661
37782 close(661)                        = 0
37793 openat(AT_FDCWD, "./remon.log", O_WRONLY|O_CREAT|O_APPEND, 0666) = 661
37793 close(661)                        = 0
37782 openat(AT_FDCWD, "./remon.log", O_WRONLY|O_CREAT|O_APPEND, 0666) = 661
37782 close(661)                        = 0
37793 openat(AT_FDCWD, "./remon.log", O_WRONLY|O_CREAT|O_APPEND, 0666) = 661
37793 close(661)                        = 0
37782 openat(AT_FDCWD, "./remon.log", O_WRONLY|O_CREAT|O_APPEND, 0666) = 661
37782 close(661)                        = 0
37793 openat(AT_FDCWD, "./remon.log", O_WRONLY|O_CREAT|O_APPEND, 0666) = 661
37793 close(661)                        = 0
37782 openat(AT_FDCWD, "./remon.log", O_WRONLY|O_CREAT|O_APPEND, 0666) = 661
37782 close(661)                        = 0
37793 openat(AT_FDCWD, "./remon.log", O_WRONLY|O_CREAT|O_APPEND, 0666) = 661
37793 close(661)                        = 0
37782 openat(AT_FDCWD, "./remon.log", O_WRONLY|O_CREAT|O_APPEND, 0666) = 661
37782 close(661)                        = 0
37793 openat(AT_FDCWD, "./remon.log", O_WRONLY|O_CREAT|O_APPEND, 0666) = 661
37793 close(661)                        = 0
37782 openat(AT_FDCWD, "./remon.log", O_WRONLY|O_CREAT|O_APPEND, 0666) = 661
37782 close(661)                        = 0
37793 openat(AT_FDCWD, "./remon.log", O_WRONLY|O_CREAT|O_APPEND, 0666) = 661
37793 close(661)                        = 0
37782 openat(AT_FDCWD, "./remon.log", O_WRONLY|O_CREAT|O_APPEND, 0666) = 661
37782 close(661)                        = 0
37793 openat(AT_FDCWD, "./remon.log", O_WRONLY|O_CREAT|O_APPEND, 0666) = 661
37793 close(661)                        = 0
37782 openat(AT_FDCWD, "./remon.log", O_WRONLY|O_CREAT|O_APPEND, 0666) = 661
37782 close(661)                        = 0
37793 openat(AT_FDCWD, "./remon.log", O_WRONLY|O_CREAT|O_APPEND, 0666) = 661
37793 close(661)                        = 0
37782 openat(AT_FDCWD, "./remon.log", O_WRONLY|O_CREAT|O_APPEND, 0666) = 661
37782 close(661)                        = 0
37793 openat(AT_FDCWD, "./remon.log", O_WRONLY|O_CREAT|O_APPEND, 0666) = 661
37793 close(661)                        = 0
37782 openat(AT_FDCWD, "./remon.log", O_WRONLY|O_CREAT|O_APPEND, 0666) = 661
37782 close(661)                        = 0
37793 openat(AT_FDCWD, "./remon.log", O_WRONLY|O_CREAT|O_APPEND, 0666) = 661
37793 close(661)                        = 0
37782 openat(AT_FDCWD, "./remon.log", O_WRONLY|O_CREAT|O_APPEND, 0666) = 661
37782 close(661)                        = 0
37793 openat(AT_FDCWD, "./remon.log", O_WRONLY|O_CREAT|O_APPEND, 0666) = 661
37793 close(661)                        = 0
37782 openat(AT_FDCWD, "./remon.log", O_WRONLY|O_CREAT|O_APPEND, 0666) = 661
37782 close(661)                        = 0
37793 openat(AT_FDCWD, "./remon.log", O_WRONLY|O_CREAT|O_APPEND, 0666) = 661
37793 close(661)                        = 0
37782 openat(AT_FDCWD, "./remon.log", O_WRONLY|O_CREAT|O_APPEND, 0666) = 661
37782 close(661)                        = 0
37793 openat(AT_FDCWD, "./remon.log", O_WRONLY|O_CREAT|O_APPEND, 0666) = 661
37793 close(661)                        = 0
37782 openat(AT_FDCWD, "./remon.log", O_WRONLY|O_CREAT|O_APPEND, 0666) = 661
37782 close(661)                        = 0
37793 openat(AT_FDCWD, "./remon.log", O_WRONLY|O_CREAT|O_APPEND, 0666) = 661
37793 close(661)                        = 0
37782 openat(AT_FDCWD, "./remon.log", O_WRONLY|O_CREAT|O_APPEND, 0666) = 661
37782 close(661)                        = 0
37793 openat(AT_FDCWD, "./remon.log", O_WRONLY|O_CREAT|O_APPEND, 0666) = 661
37793 close(661)                        = 0
37782 openat(AT_FDCWD, "./remon.log", O_WRONLY|O_CREAT|O_APPEND, 0666) = 661
37782 close(661)                        = 0
37793 openat(AT_FDCWD, "./remon.log", O_WRONLY|O_CREAT|O_APPEND, 0666) = 661
37793 close(661)                        = 0
37782 openat(AT_FDCWD, "./remon.log", O_WRONLY|O_CREAT|O_APPEND, 0666) = 661
37782 close(661)                        = 0
37793 openat(AT_FDCWD, "./remon.log", O_WRONLY|O_CREAT|O_APPEND, 0666) = 661
37793 close(661)                        = 0
37782 openat(AT_FDCWD, "./remon.log", O_WRONLY|O_CREAT|O_APPEND, 0666) = 661
37782 close(661)                        = 0
37793 openat(AT_FDCWD, "./remon.log", O_WRONLY|O_CREAT|O_APPEND, 0666) = 661
37793 close(661)                        = 0
37782 openat(AT_FDCWD, "./remon.log", O_WRONLY|O_CREAT|O_APPEND, 0666) = 661
37782 close(661)                        = 0
37793 openat(AT_FDCWD, "./remon.log", O_WRONLY|O_CREAT|O_APPEND, 0666) = 661
37793 close(661)                        = 0
37782 openat(AT_FDCWD, "./remon.log", O_WRONLY|O_CREAT|O_APPEND, 0666) = 661
37782 close(661)                        = 0
37793 openat(AT_FDCWD, "./remon.log", O_WRONLY|O_CREAT|O_APPEND, 0666) = 661
37793 close(661)                        = 0
37782 openat(AT_FDCWD, "./remon.log", O_WRONLY|O_CREAT|O_APPEND, 0666) = 661
37782 close(661)                        = 0
37793 openat(AT_FDCWD, "./remon.log", O_WRONLY|O_CREAT|O_APPEND, 0666) = 661
37793 close(661)                        = 0
37782 openat(AT_FDCWD, "./remon.log", O_WRONLY|O_CREAT|O_APPEND, 0666) = 661
37782 close(661)                        = 0
37793 openat(AT_FDCWD, "./remon.log", O_WRONLY|O_CREAT|O_APPEND, 0666) = 661
37793 close(661)                        = 0
37782 openat(AT_FDCWD, "./remon.log", O_WRONLY|O_CREAT|O_APPEND, 0666) = 661
37782 close(661)                        = 0
37793 openat(AT_FDCWD, "./remon.log", O_WRONLY|O_CREAT|O_APPEND, 0666) = 661
37793 close(661)                        = 0
37782 openat(AT_FDCWD, "./remon.log", O_WRONLY|O_CREAT|O_APPEND, 0666) = 661
37782 close(661)                        = 0
37793 openat(AT_FDCWD, "./remon.log", O_WRONLY|O_CREAT|O_APPEND, 0666) = 661
37793 close(661)                        = 0
37782 openat(AT_FDCWD, "./remon.log", O_WRONLY|O_CREAT|O_APPEND, 0666) = 661
37782 close(661)                        = 0
37793 openat(AT_FDCWD, "./remon.log", O_WRONLY|O_CREAT|O_APPEND, 0666) = 661
37793 close(661)                        = 0
37782 openat(AT_FDCWD, "./remon.log", O_WRONLY|O_CREAT|O_APPEND, 0666) = 661
37782 close(661)                        = 0
37793 openat(AT_FDCWD, "./remon.log", O_WRONLY|O_CREAT|O_APPEND, 0666) = 661
37793 close(661)                        = 0
37782 openat(AT_FDCWD, "./remon.log", O_WRONLY|O_CREAT|O_APPEND, 0666) = 661
37782 close(661)                        = 0
37793 openat(AT_FDCWD, "./remon.log", O_WRONLY|O_CREAT|O_APPEND, 0666) = 661
37793 close(661)                        = 0
37782 openat(AT_FDCWD, "./remon.log", O_WRONLY|O_CREAT|O_APPEND, 0666) = 661
37782 close(661)                        = 0
37793 openat(AT_FDCWD, "./remon.log", O_WRONLY|O_CREAT|O_APPEND, 0666) = 661
37793 close(661)                        = 0
37782 openat(AT_FDCWD, "./remon.log", O_WRONLY|O_CREAT|O_APPEND, 0666) = 661
37782 close(661)                        = 0
37793 openat(AT_FDCWD, "./remon.log", O_WRONLY|O_CREAT|O_APPEND, 0666) = 661
37793 close(661)                        = 0
37782 openat(AT_FDCWD, "./remon.log", O_WRONLY|O_CREAT|O_APPEND, 0666) = 661
37782 close(661)                        = 0
37793 openat(AT_FDCWD, "./remon.log", O_WRONLY|O_CREAT|O_APPEND, 0666) = 661
37793 close(661)                        = 0
37782 openat(AT_FDCWD, "./remon.log", O_WRONLY|O_CREAT|O_APPEND, 0666) = 661
37782 close(661)                        = 0
37793 openat(AT_FDCWD, "./remon.log", O_WRONLY|O_CREAT|O_APPEND, 0666) = 661
37793 close(661)                        = 0
37782 openat(AT_FDCWD, "./remon.log", O_WRONLY|O_CREAT|O_APPEND, 0666) = 661
37782 close(661)                        = 0
37793 openat(AT_FDCWD, "./remon.log", O_WRONLY|O_CREAT|O_APPEND, 0666) = 661
37793 close(661)                        = 0
37782 openat(AT_FDCWD, "./remon.log", O_WRONLY|O_CREAT|O_APPEND, 0666) = 661
37782 close(661)                        = 0
37793 openat(AT_FDCWD, "./remon.log", O_WRONLY|O_CREAT|O_APPEND, 0666) = 661
37793 close(661)                        = 0
37782 openat(AT_FDCWD, "./remon.log", O_WRONLY|O_CREAT|O_APPEND, 0666) = 661
37782 close(661)                        = 0
37793 openat(AT_FDCWD, "./remon.log", O_WRONLY|O_CREAT|O_APPEND, 0666) = 661
37793 close(661)                        = 0
37782 openat(AT_FDCWD, "./remon.log", O_WRONLY|O_CREAT|O_APPEND, 0666) = 661
37782 close(661)                        = 0
37793 openat(AT_FDCWD, "./remon.log", O_WRONLY|O_CREAT|O_APPEND, 0666) = 661
37793 close(661)                        = 0
37782 openat(AT_FDCWD, "./remon.log", O_WRONLY|O_CREAT|O_APPEND, 0666) = 661
37782 close(661)                        = 0
37793 openat(AT_FDCWD, "./remon.log", O_WRONLY|O_CREAT|O_APPEND, 0666) = 661
37793 close(661)                        = 0
37782 openat(AT_FDCWD, "./remon.log", O_WRONLY|O_CREAT|O_APPEND, 0666) = 661
37782 close(661)                        = 0
37793 openat(AT_FDCWD, "./remon.log", O_WRONLY|O_CREAT|O_APPEND, 0666) = 661
37793 close(661)                        = 0
37782 openat(AT_FDCWD, "./remon.log", O_WRONLY|O_CREAT|O_APPEND, 0666) = 661
37782 close(661)                        = 0
37793 openat(AT_FDCWD, "./remon.log", O_WRONLY|O_CREAT|O_APPEND, 0666) = 661
37793 close(661)                        = 0
37782 openat(AT_FDCWD, "./remon.log", O_WRONLY|O_CREAT|O_APPEND, 0666) = 661
37782 close(661)                        = 0
37793 openat(AT_FDCWD, "./remon.log", O_WRONLY|O_CREAT|O_APPEND, 0666) = 661
37793 close(661)                        = 0
37782 openat(AT_FDCWD, "./remon.log", O_WRONLY|O_CREAT|O_APPEND, 0666) = 661
37782 close(661)                        = 0
37793 openat(AT_FDCWD, "./remon.log", O_WRONLY|O_CREAT|O_APPEND, 0666) = 661
37793 close(661)                        = 0
37782 openat(AT_FDCWD, "./remon.log", O_WRONLY|O_CREAT|O_APPEND, 0666) = 661
37782 close(661)                        = 0
37793 openat(AT_FDCWD, "./remon.log", O_WRONLY|O_CREAT|O_APPEND, 0666) = 661
37793 close(661)                        = 0
37782 openat(AT_FDCWD, "./remon.log", O_WRONLY|O_CREAT|O_APPEND, 0666) = 661
37782 close(661)                        = 0
37793 openat(AT_FDCWD, "./remon.log", O_WRONLY|O_CREAT|O_APPEND, 0666) = 661
37793 close(661)                        = 0
37782 openat(AT_FDCWD, "./remon.log", O_WRONLY|O_CREAT|O_APPEND, 0666) = 661
37782 close(661)                        = 0
37793 openat(AT_FDCWD, "./remon.log", O_WRONLY|O_CREAT|O_APPEND, 0666) = 661
37793 close(661)                        = 0
37782 openat(AT_FDCWD, "./remon.log", O_WRONLY|O_CREAT|O_APPEND, 0666) = 661
37782 close(661)                        = 0
37793 openat(AT_FDCWD, "./remon.log", O_WRONLY|O_CREAT|O_APPEND, 0666) = 661
37793 close(661)                        = 0
37782 openat(AT_FDCWD, "./remon.log", O_WRONLY|O_CREAT|O_APPEND, 0666) = 661
37782 close(661)                        = 0
37793 openat(AT_FDCWD, "./remon.log", O_WRONLY|O_CREAT|O_APPEND, 0666) = 661
37793 close(661)                        = 0
37782 openat(AT_FDCWD, "./remon.log", O_WRONLY|O_CREAT|O_APPEND, 0666) = 661
37782 close(661)                        = 0
37793 openat(AT_FDCWD, "./remon.log", O_WRONLY|O_CREAT|O_APPEND, 0666) = 661
37793 close(661)                        = 0
37782 openat(AT_FDCWD, "./remon.log", O_WRONLY|O_CREAT|O_APPEND, 0666) = 661
37782 close(661)                        = 0
37793 openat(AT_FDCWD, "./remon.log", O_WRONLY|O_CREAT|O_APPEND, 0666) = 661
37793 close(661)                        = 0
37782 openat(AT_FDCWD, "./remon.log", O_WRONLY|O_CREAT|O_APPEND, 0666) = 661
37782 close(661)                        = 0
37793 openat(AT_FDCWD, "./remon.log", O_WRONLY|O_CREAT|O_APPEND, 0666) = 661
37793 close(661)                        = 0
37782 openat(AT_FDCWD, "./remon.log", O_WRONLY|O_CREAT|O_APPEND, 0666) = 832
37782 close(832)                        = 0
37793 openat(AT_FDCWD, "./remon.log", O_WRONLY|O_CREAT|O_APPEND, 0666) = 832
37793 close(832)                        = 0
37782 openat(AT_FDCWD, "./remon.log", O_WRONLY|O_CREAT|O_APPEND, 0666) = 832
37782 close(832)                        = 0
37793 openat(AT_FDCWD, "./remon.log", O_WRONLY|O_CREAT|O_APPEND, 0666) = 832
37793 close(832)                        = 0
37782 openat(AT_FDCWD, "./remon.log", O_WRONLY|O_CREAT|O_APPEND, 0666) = 832
37782 close(832)                        = 0
37793 openat(AT_FDCWD, "./remon.log", O_WRONLY|O_CREAT|O_APPEND, 0666) = 832
37793 close(832)                        = 0
37782 openat(AT_FDCWD, "./remon.log", O_WRONLY|O_CREAT|O_APPEND, 0666) = 832
37782 close(832)                        = 0
37793 openat(AT_FDCWD, "./remon.log", O_WRONLY|O_CREAT|O_APPEND, 0666) = 832
37793 close(832)                        = 0
37782 openat(AT_FDCWD, "./remon.log", O_WRONLY|O_CREAT|O_APPEND, 0666) = 832
37782 close(832)                        = 0
37793 openat(AT_FDCWD, "./remon.log", O_WRONLY|O_CREAT|O_APPEND, 0666) = 832
37793 close(832)                        = 0
37782 openat(AT_FDCWD, "./remon.log", O_WRONLY|O_CREAT|O_APPEND, 0666) = 832
37782 close(832)                        = 0
37793 openat(AT_FDCWD, "./remon.log", O_WRONLY|O_CREAT|O_APPEND, 0666) = 832
37793 close(832)                        = 0
37782 openat(AT_FDCWD, "./remon.log", O_WRONLY|O_CREAT|O_APPEND, 0666) = 832
37782 close(832)                        = 0
37793 openat(AT_FDCWD, "./remon.log", O_WRONLY|O_CREAT|O_APPEND, 0666) = 832
37793 close(832)                        = 0
37782 openat(AT_FDCWD, "./remon.log", O_WRONLY|O_CREAT|O_APPEND, 0666) = 832
37782 close(832)                        = 0
37793 openat(AT_FDCWD, "./remon.log", O_WRONLY|O_CREAT|O_APPEND, 0666) = 832
37793 close(832)                        = 0
37782 openat(AT_FDCWD, "./remon.log", O_WRONLY|O_CREAT|O_APPEND, 0666) = 832
37782 close(832)                        = 0
37793 openat(AT_FDCWD, "./remon.log", O_WRONLY|O_CREAT|O_APPEND, 0666) = 832
37793 close(832)                        = 0
37782 openat(AT_FDCWD, "./remon.log", O_WRONLY|O_CREAT|O_APPEND, 0666) = 832
37782 close(832)                        = 0
37793 openat(AT_FDCWD, "./remon.log", O_WRONLY|O_CREAT|O_APPEND, 0666) = 832
37793 close(832)                        = 0
37783 openat(AT_FDCWD, "/proc/self/statm", O_RDONLY <unfinished ...>
37782 openat(AT_FDCWD, "./remon.log", O_WRONLY|O_CREAT|O_APPEND, 0666 <unfinished ...>
37783 <... openat resumed>)             = 832
37782 <... openat resumed>)             = 842
37783 close(832 <unfinished ...>
37782 close(842 <unfinished ...>
37783 <... close resumed>)              = 0
37782 <... close resumed>)              = 0
37793 openat(AT_FDCWD, "./remon.log", O_WRONLY|O_CREAT|O_APPEND, 0666) = 832
37793 close(832)                        = 0
37782 openat(AT_FDCWD, "./remon.log", O_WRONLY|O_CREAT|O_APPEND, 0666) = 832
37782 close(832)                        = 0
37793 openat(AT_FDCWD, "./remon.log", O_WRONLY|O_CREAT|O_APPEND, 0666) = 832
37793 close(832)                        = 0
37782 openat(AT_FDCWD, "./remon.log", O_WRONLY|O_CREAT|O_APPEND, 0666) = 832
37782 close(832)                        = 0
37793 openat(AT_FDCWD, "./remon.log", O_WRONLY|O_CREAT|O_APPEND, 0666) = 832
37793 close(832)                        = 0
37782 openat(AT_FDCWD, "./remon.log", O_WRONLY|O_CREAT|O_APPEND, 0666) = 832
37782 close(832)                        = 0
37793 openat(AT_FDCWD, "./remon.log", O_WRONLY|O_CREAT|O_APPEND, 0666) = 832
37793 close(832)                        = 0
37782 openat(AT_FDCWD, "./remon.log", O_WRONLY|O_CREAT|O_APPEND, 0666) = 832
37782 close(832)                        = 0
37793 openat(AT_FDCWD, "./remon.log", O_WRONLY|O_CREAT|O_APPEND, 0666) = 832
37793 close(832)                        = 0
37782 openat(AT_FDCWD, "./remon.log", O_WRONLY|O_CREAT|O_APPEND, 0666) = 832
37782 close(832)                        = 0
37793 openat(AT_FDCWD, "./remon.log", O_WRONLY|O_CREAT|O_APPEND, 0666) = 832
37793 close(832)                        = 0
37782 openat(AT_FDCWD, "./remon.log", O_WRONLY|O_CREAT|O_APPEND, 0666) = 832
37782 close(832)                        = 0
37793 openat(AT_FDCWD, "./remon.log", O_WRONLY|O_CREAT|O_APPEND, 0666) = 832
37793 close(832)                        = 0
37782 openat(AT_FDCWD, "./remon.log", O_WRONLY|O_CREAT|O_APPEND, 0666) = 832
37782 close(832)                        = 0
37793 openat(AT_FDCWD, "./remon.log", O_WRONLY|O_CREAT|O_APPEND, 0666) = 832
37793 close(832)                        = 0
37782 openat(AT_FDCWD, "./remon.log", O_WRONLY|O_CREAT|O_APPEND, 0666) = 832
37782 close(832)                        = 0
37793 openat(AT_FDCWD, "./remon.log", O_WRONLY|O_CREAT|O_APPEND, 0666) = 832
37793 close(832)                        = 0
37782 openat(AT_FDCWD, "./remon.log", O_WRONLY|O_CREAT|O_APPEND, 0666) = 832
37782 close(832)                        = 0
37793 openat(AT_FDCWD, "./remon.log", O_WRONLY|O_CREAT|O_APPEND, 0666) = 832
37793 close(832)                        = 0
37782 openat(AT_FDCWD, "./remon.log", O_WRONLY|O_CREAT|O_APPEND, 0666) = 832
37782 close(832)                        = 0
37793 openat(AT_FDCWD, "./remon.log", O_WRONLY|O_CREAT|O_APPEND, 0666) = 832
37793 close(832)                        = 0
37782 openat(AT_FDCWD, "./remon.log", O_WRONLY|O_CREAT|O_APPEND, 0666) = 832
37782 close(832)                        = 0
37793 openat(AT_FDCWD, "./remon.log", O_WRONLY|O_CREAT|O_APPEND, 0666) = 832
37793 close(832)                        = 0
37782 openat(AT_FDCWD, "./remon.log", O_WRONLY|O_CREAT|O_APPEND, 0666) = 832
37782 close(832)                        = 0
37793 openat(AT_FDCWD, "./remon.log", O_WRONLY|O_CREAT|O_APPEND, 0666) = 832
37793 close(832)                        = 0
37782 openat(AT_FDCWD, "./remon.log", O_WRONLY|O_CREAT|O_APPEND, 0666) = 832
37782 close(832)                        = 0
37793 openat(AT_FDCWD, "./remon.log", O_WRONLY|O_CREAT|O_APPEND, 0666) = 832
37793 close(832)                        = 0
37782 openat(AT_FDCWD, "./remon.log", O_WRONLY|O_CREAT|O_APPEND, 0666) = 832
37782 close(832)                        = 0
37793 openat(AT_FDCWD, "./remon.log", O_WRONLY|O_CREAT|O_APPEND, 0666) = 832
37793 close(832)                        = 0
37782 openat(AT_FDCWD, "./remon.log", O_WRONLY|O_CREAT|O_APPEND, 0666) = 832
37782 close(832)                        = 0
37793 openat(AT_FDCWD, "./remon.log", O_WRONLY|O_CREAT|O_APPEND, 0666) = 832
37793 close(832)                        = 0
37782 openat(AT_FDCWD, "./remon.log", O_WRONLY|O_CREAT|O_APPEND, 0666) = 832
37782 close(832)                        = 0
37793 openat(AT_FDCWD, "./remon.log", O_WRONLY|O_CREAT|O_APPEND, 0666) = 832
37793 close(832)                        = 0
37782 openat(AT_FDCWD, "./remon.log", O_WRONLY|O_CREAT|O_APPEND, 0666) = 832
37782 close(832)                        = 0
37793 openat(AT_FDCWD, "./remon.log", O_WRONLY|O_CREAT|O_APPEND, 0666) = 832
37793 close(832)                        = 0
37782 openat(AT_FDCWD, "./remon.log", O_WRONLY|O_CREAT|O_APPEND, 0666) = 832
37782 close(832)                        = 0
37793 openat(AT_FDCWD, "./remon.log", O_WRONLY|O_CREAT|O_APPEND, 0666) = 832
37793 close(832)                        = 0
37782 openat(AT_FDCWD, "./remon.log", O_WRONLY|O_CREAT|O_APPEND, 0666) = 832
37782 close(832)                        = 0
37793 openat(AT_FDCWD, "./remon.log", O_WRONLY|O_CREAT|O_APPEND, 0666) = 832
37793 close(832)                        = 0
37782 openat(AT_FDCWD, "./remon.log", O_WRONLY|O_CREAT|O_APPEND, 0666) = 832
37782 close(832)                        = 0
37793 openat(AT_FDCWD, "./remon.log", O_WRONLY|O_CREAT|O_APPEND, 0666) = 832
37793 close(832)                        = 0
37782 openat(AT_FDCWD, "./remon.log", O_WRONLY|O_CREAT|O_APPEND, 0666) = 832
37782 close(832)                        = 0
37793 openat(AT_FDCWD, "./remon.log", O_WRONLY|O_CREAT|O_APPEND, 0666) = 832
37793 close(832)                        = 0
37782 openat(AT_FDCWD, "./remon.log", O_WRONLY|O_CREAT|O_APPEND, 0666) = 832
37782 close(832)                        = 0
37793 openat(AT_FDCWD, "./remon.log", O_WRONLY|O_CREAT|O_APPEND, 0666) = 832
37793 close(832)                        = 0
37782 openat(AT_FDCWD, "./remon.log", O_WRONLY|O_CREAT|O_APPEND, 0666) = 832
37782 close(832)                        = 0
37793 openat(AT_FDCWD, "./remon.log", O_WRONLY|O_CREAT|O_APPEND, 0666) = 832
37793 close(832)                        = 0
37782 openat(AT_FDCWD, "./remon.log", O_WRONLY|O_CREAT|O_APPEND, 0666) = 832
37782 close(832)                        = 0
37793 openat(AT_FDCWD, "./remon.log", O_WRONLY|O_CREAT|O_APPEND, 0666) = 832
37793 close(832)                        = 0
37782 openat(AT_FDCWD, "./remon.log", O_WRONLY|O_CREAT|O_APPEND, 0666) = 832
37782 close(832)                        = 0
37793 openat(AT_FDCWD, "./remon.log", O_WRONLY|O_CREAT|O_APPEND, 0666) = 832
37793 close(832)                        = 0
37782 openat(AT_FDCWD, "./remon.log", O_WRONLY|O_CREAT|O_APPEND, 0666) = 832
37782 close(832)                        = 0
37793 openat(AT_FDCWD, "./remon.log", O_WRONLY|O_CREAT|O_APPEND, 0666) = 832
37793 close(832)                        = 0
37782 openat(AT_FDCWD, "./remon.log", O_WRONLY|O_CREAT|O_APPEND, 0666) = 832
37782 close(832)                        = 0
37793 openat(AT_FDCWD, "./remon.log", O_WRONLY|O_CREAT|O_APPEND, 0666) = 832
37793 close(832)                        = 0
37782 openat(AT_FDCWD, "./remon.log", O_WRONLY|O_CREAT|O_APPEND, 0666) = 832
37782 close(832)                        = 0
37793 openat(AT_FDCWD, "./remon.log", O_WRONLY|O_CREAT|O_APPEND, 0666) = 832
37793 close(832)                        = 0
37782 openat(AT_FDCWD, "./remon.log", O_WRONLY|O_CREAT|O_APPEND, 0666) = 832
37782 close(832)                        = 0
37793 openat(AT_FDCWD, "./remon.log", O_WRONLY|O_CREAT|O_APPEND, 0666) = 832
37793 close(832)                        = 0
37782 openat(AT_FDCWD, "./remon.log", O_WRONLY|O_CREAT|O_APPEND, 0666) = 832
37782 close(832)                        = 0
37793 openat(AT_FDCWD, "./remon.log", O_WRONLY|O_CREAT|O_APPEND, 0666) = 832
37793 close(832)                        = 0
37782 openat(AT_FDCWD, "./remon.log", O_WRONLY|O_CREAT|O_APPEND, 0666) = 832
37782 close(832)                        = 0
37793 openat(AT_FDCWD, "./remon.log", O_WRONLY|O_CREAT|O_APPEND, 0666) = 832
37793 close(832)                        = 0
37782 openat(AT_FDCWD, "./remon.log", O_WRONLY|O_CREAT|O_APPEND, 0666) = 832
37782 close(832)                        = 0
37793 openat(AT_FDCWD, "./remon.log", O_WRONLY|O_CREAT|O_APPEND, 0666) = 832
37793 close(832)                        = 0
37782 openat(AT_FDCWD, "./remon.log", O_WRONLY|O_CREAT|O_APPEND, 0666) = 832
37782 close(832)                        = 0
37793 openat(AT_FDCWD, "./remon.log", O_WRONLY|O_CREAT|O_APPEND, 0666) = 832
37793 close(832)                        = 0
37782 openat(AT_FDCWD, "./remon.log", O_WRONLY|O_CREAT|O_APPEND, 0666) = 832
37782 close(832)                        = 0
37793 openat(AT_FDCWD, "./remon.log", O_WRONLY|O_CREAT|O_APPEND, 0666) = 832
37793 close(832)                        = 0
37782 openat(AT_FDCWD, "./remon.log", O_WRONLY|O_CREAT|O_APPEND, 0666) = 832
37782 close(832)                        = 0
37793 openat(AT_FDCWD, "./remon.log", O_WRONLY|O_CREAT|O_APPEND, 0666) = 832
37793 close(832)                        = 0
37782 openat(AT_FDCWD, "./remon.log", O_WRONLY|O_CREAT|O_APPEND, 0666) = 832
37782 close(832)                        = 0
37793 openat(AT_FDCWD, "./remon.log", O_WRONLY|O_CREAT|O_APPEND, 0666) = 832
37793 close(832)                        = 0
37782 openat(AT_FDCWD, "./remon.log", O_WRONLY|O_CREAT|O_APPEND, 0666) = 832
37782 close(832)                        = 0
37793 openat(AT_FDCWD, "./remon.log", O_WRONLY|O_CREAT|O_APPEND, 0666) = 832
37793 close(832)                        = 0
37782 openat(AT_FDCWD, "./remon.log", O_WRONLY|O_CREAT|O_APPEND, 0666) = 832
37782 close(832)                        = 0
37793 openat(AT_FDCWD, "./remon.log", O_WRONLY|O_CREAT|O_APPEND, 0666) = 832
37793 close(832)                        = 0
37782 openat(AT_FDCWD, "./remon.log", O_WRONLY|O_CREAT|O_APPEND, 0666) = 832
37782 close(832)                        = 0
37793 openat(AT_FDCWD, "./remon.log", O_WRONLY|O_CREAT|O_APPEND, 0666) = 832
37793 close(832)                        = 0
37782 openat(AT_FDCWD, "./remon.log", O_WRONLY|O_CREAT|O_APPEND, 0666) = 832
37782 close(832)                        = 0
37793 openat(AT_FDCWD, "./remon.log", O_WRONLY|O_CREAT|O_APPEND, 0666) = 832
37793 close(832)                        = 0
37782 openat(AT_FDCWD, "./remon.log", O_WRONLY|O_CREAT|O_APPEND, 0666) = 832
37782 close(832)                        = 0
37793 openat(AT_FDCWD, "./remon.log", O_WRONLY|O_CREAT|O_APPEND, 0666) = 832
37793 close(832)                        = 0
37782 openat(AT_FDCWD, "./remon.log", O_WRONLY|O_CREAT|O_APPEND, 0666) = 832
37782 close(832)                        = 0
37793 openat(AT_FDCWD, "./remon.log", O_WRONLY|O_CREAT|O_APPEND, 0666) = 832
37793 close(832)                        = 0
37782 openat(AT_FDCWD, "./remon.log", O_WRONLY|O_CREAT|O_APPEND, 0666) = 832
37782 close(832)                        = 0
37793 openat(AT_FDCWD, "./remon.log", O_WRONLY|O_CREAT|O_APPEND, 0666) = 832
37793 close(832)                        = 0
37782 openat(AT_FDCWD, "./remon.log", O_WRONLY|O_CREAT|O_APPEND, 0666) = 832
37782 close(832)                        = 0
37793 openat(AT_FDCWD, "./remon.log", O_WRONLY|O_CREAT|O_APPEND, 0666) = 832
37793 close(832)                        = 0
37782 openat(AT_FDCWD, "./remon.log", O_WRONLY|O_CREAT|O_APPEND, 0666) = 832
37782 close(832)                        = 0
37793 openat(AT_FDCWD, "./remon.log", O_WRONLY|O_CREAT|O_APPEND, 0666) = 832
37793 close(832)                        = 0
37782 openat(AT_FDCWD, "./remon.log", O_WRONLY|O_CREAT|O_APPEND, 0666) = 832
37782 close(832)                        = 0
37793 openat(AT_FDCWD, "./remon.log", O_WRONLY|O_CREAT|O_APPEND, 0666) = 832
37793 close(832)                        = 0
37782 openat(AT_FDCWD, "./remon.log", O_WRONLY|O_CREAT|O_APPEND, 0666) = 832
37782 close(832)                        = 0
37793 openat(AT_FDCWD, "./remon.log", O_WRONLY|O_CREAT|O_APPEND, 0666) = 832
37793 close(832)                        = 0
37782 openat(AT_FDCWD, "./remon.log", O_WRONLY|O_CREAT|O_APPEND, 0666) = 832
37782 close(832)                        = 0
37793 openat(AT_FDCWD, "./remon.log", O_WRONLY|O_CREAT|O_APPEND, 0666) = 832
37793 close(832)                        = 0
37782 openat(AT_FDCWD, "./remon.log", O_WRONLY|O_CREAT|O_APPEND, 0666) = 832
37782 close(832)                        = 0
37793 openat(AT_FDCWD, "./remon.log", O_WRONLY|O_CREAT|O_APPEND, 0666) = 832
37793 close(832)                        = 0
37782 openat(AT_FDCWD, "./remon.log", O_WRONLY|O_CREAT|O_APPEND, 0666) = 832
37782 close(832)                        = 0
37793 openat(AT_FDCWD, "./remon.log", O_WRONLY|O_CREAT|O_APPEND, 0666) = 832
37793 close(832)                        = 0
37782 openat(AT_FDCWD, "./remon.log", O_WRONLY|O_CREAT|O_APPEND, 0666) = 832
37782 close(832)                        = 0
37793 openat(AT_FDCWD, "./remon.log", O_WRONLY|O_CREAT|O_APPEND, 0666) = 832
37793 close(832)                        = 0
37782 openat(AT_FDCWD, "./remon.log", O_WRONLY|O_CREAT|O_APPEND, 0666) = 832
37782 close(832)                        = 0
37793 openat(AT_FDCWD, "./remon.log", O_WRONLY|O_CREAT|O_APPEND, 0666) = 832
37793 close(832)                        = 0
37782 openat(AT_FDCWD, "./remon.log", O_WRONLY|O_CREAT|O_APPEND, 0666) = 832
37782 close(832)                        = 0
37793 openat(AT_FDCWD, "./remon.log", O_WRONLY|O_CREAT|O_APPEND, 0666) = 832
37793 close(832)                        = 0
37782 openat(AT_FDCWD, "./remon.log", O_WRONLY|O_CREAT|O_APPEND, 0666) = 832
37782 close(832)                        = 0
37793 openat(AT_FDCWD, "./remon.log", O_WRONLY|O_CREAT|O_APPEND, 0666) = 832
37793 close(832)                        = 0
37782 openat(AT_FDCWD, "./remon.log", O_WRONLY|O_CREAT|O_APPEND, 0666) = 832
37782 close(832)                        = 0
37793 openat(AT_FDCWD, "./remon.log", O_WRONLY|O_CREAT|O_APPEND, 0666) = 832
37793 close(832)                        = 0
37782 openat(AT_FDCWD, "./remon.log", O_WRONLY|O_CREAT|O_APPEND, 0666) = 832
37782 close(832)                        = 0
37793 openat(AT_FDCWD, "./remon.log", O_WRONLY|O_CREAT|O_APPEND, 0666) = 832
37793 close(832)                        = 0
37782 openat(AT_FDCWD, "./remon.log", O_WRONLY|O_CREAT|O_APPEND, 0666) = 832
37782 close(832)                        = 0
37793 openat(AT_FDCWD, "./remon.log", O_WRONLY|O_CREAT|O_APPEND, 0666) = 832
37793 close(832)                        = 0
37782 openat(AT_FDCWD, "./remon.log", O_WRONLY|O_CREAT|O_APPEND, 0666) = 832
37782 close(832)                        = 0
37793 openat(AT_FDCWD, "./remon.log", O_WRONLY|O_CREAT|O_APPEND, 0666) = 832
37793 close(832)                        = 0
37782 openat(AT_FDCWD, "./remon.log", O_WRONLY|O_CREAT|O_APPEND, 0666) = 832
37782 close(832)                        = 0
37793 openat(AT_FDCWD, "./remon.log", O_WRONLY|O_CREAT|O_APPEND, 0666) = 832
37793 close(832)                        = 0
37782 openat(AT_FDCWD, "./remon.log", O_WRONLY|O_CREAT|O_APPEND, 0666) = 832
37782 close(832)                        = 0
37793 openat(AT_FDCWD, "./remon.log", O_WRONLY|O_CREAT|O_APPEND, 0666) = 832
37793 close(832)                        = 0
37782 openat(AT_FDCWD, "./remon.log", O_WRONLY|O_CREAT|O_APPEND, 0666) = 832
37782 close(832)                        = 0
37793 openat(AT_FDCWD, "./remon.log", O_WRONLY|O_CREAT|O_APPEND, 0666) = 832
37793 close(832)                        = 0
37782 openat(AT_FDCWD, "./remon.log", O_WRONLY|O_CREAT|O_APPEND, 0666) = 832
37782 close(832)                        = 0
37783 openat(AT_FDCWD, "/proc/self/statm", O_RDONLY) = 832
37783 close(832)                        = 0
37793 openat(AT_FDCWD, "./remon.log", O_WRONLY|O_CREAT|O_APPEND, 0666) = 832
37793 close(832)                        = 0
37782 openat(AT_FDCWD, "./remon.log", O_WRONLY|O_CREAT|O_APPEND, 0666) = 832
37782 close(832)                        = 0
37793 openat(AT_FDCWD, "./remon.log", O_WRONLY|O_CREAT|O_APPEND, 0666) = 832
37793 close(832)                        = 0
37782 openat(AT_FDCWD, "./remon.log", O_WRONLY|O_CREAT|O_APPEND, 0666) = 832
37782 close(832)                        = 0
37793 openat(AT_FDCWD, "./remon.log", O_WRONLY|O_CREAT|O_APPEND, 0666) = 832
37793 close(832)                        = 0
37782 openat(AT_FDCWD, "./remon.log", O_WRONLY|O_CREAT|O_APPEND, 0666) = 907
37782 close(907)                        = 0
37793 openat(AT_FDCWD, "./remon.log", O_WRONLY|O_CREAT|O_APPEND, 0666) = 907
37793 close(907)                        = 0
37793 openat(AT_FDCWD, "./remon.log", O_WRONLY|O_CREAT|O_APPEND, 0666) = 908
37793 close(908)                        = 0
37793 openat(AT_FDCWD, "./remon.log", O_WRONLY|O_CREAT|O_APPEND, 0666) = 909
37793 close(909)                        = 0
37793 openat(AT_FDCWD, "./remon.log", O_WRONLY|O_CREAT|O_APPEND, 0666) = 910
37793 close(910)                        = 0
37793 openat(AT_FDCWD, "./remon.log", O_WRONLY|O_CREAT|O_APPEND, 0666) = 911
37793 close(911)                        = 0
37793 openat(AT_FDCWD, "./remon.log", O_WRONLY|O_CREAT|O_APPEND, 0666) = 912
37793 close(912)                        = 0
37793 openat(AT_FDCWD, "./remon.log", O_WRONLY|O_CREAT|O_APPEND, 0666) = 913
37793 close(913)                        = 0
37793 openat(AT_FDCWD, "./remon.log", O_WRONLY|O_CREAT|O_APPEND, 0666) = 914
37793 close(914)                        = 0
37793 openat(AT_FDCWD, "./remon.log", O_WRONLY|O_CREAT|O_APPEND, 0666) = 915
37793 close(915)                        = 0
37793 openat(AT_FDCWD, "./remon.log", O_WRONLY|O_CREAT|O_APPEND, 0666) = 916
37793 close(916)                        = 0
37793 openat(AT_FDCWD, "./remon.log", O_WRONLY|O_CREAT|O_APPEND, 0666) = 917
37793 close(917)                        = 0
37793 openat(AT_FDCWD, "./remon.log", O_WRONLY|O_CREAT|O_APPEND, 0666) = 918
37793 close(918)                        = 0
37793 openat(AT_FDCWD, "./remon.log", O_WRONLY|O_CREAT|O_APPEND, 0666) = 919
37793 close(919)                        = 0
37793 openat(AT_FDCWD, "./remon.log", O_WRONLY|O_CREAT|O_APPEND, 0666) = 920
37793 close(920)                        = 0
37793 openat(AT_FDCWD, "./remon.log", O_WRONLY|O_CREAT|O_APPEND, 0666) = 921
37793 close(921)                        = 0
37793 openat(AT_FDCWD, "./remon.log", O_WRONLY|O_CREAT|O_APPEND, 0666) = 922
37793 close(922)                        = 0
37793 openat(AT_FDCWD, "./remon.log", O_WRONLY|O_CREAT|O_APPEND, 0666) = 923
37793 close(923)                        = 0
37793 openat(AT_FDCWD, "./remon.log", O_WRONLY|O_CREAT|O_APPEND, 0666) = 924
37793 close(924)                        = 0
37793 openat(AT_FDCWD, "./remon.log", O_WRONLY|O_CREAT|O_APPEND, 0666) = 925
37793 close(925)                        = 0
37793 openat(AT_FDCWD, "./remon.log", O_WRONLY|O_CREAT|O_APPEND, 0666) = 926
37793 close(926)                        = 0
37793 openat(AT_FDCWD, "./remon.log", O_WRONLY|O_CREAT|O_APPEND, 0666) = 927
37793 close(927)                        = 0
37793 openat(AT_FDCWD, "./remon.log", O_WRONLY|O_CREAT|O_APPEND, 0666) = 928
37793 close(928)                        = 0
37793 openat(AT_FDCWD, "./remon.log", O_WRONLY|O_CREAT|O_APPEND, 0666) = 929
37793 close(929)                        = 0
37793 openat(AT_FDCWD, "./remon.log", O_WRONLY|O_CREAT|O_APPEND, 0666) = 930
37793 close(930)                        = 0
37793 openat(AT_FDCWD, "./remon.log", O_WRONLY|O_CREAT|O_APPEND, 0666) = 931
37793 close(931)                        = 0
37793 openat(AT_FDCWD, "./remon.log", O_WRONLY|O_CREAT|O_APPEND, 0666) = 932
37793 close(932)                        = 0
37793 openat(AT_FDCWD, "./remon.log", O_WRONLY|O_CREAT|O_APPEND, 0666) = 933
37793 close(933)                        = 0
37793 openat(AT_FDCWD, "./remon.log", O_WRONLY|O_CREAT|O_APPEND, 0666) = 934
37793 close(934)                        = 0
37793 openat(AT_FDCWD, "./remon.log", O_WRONLY|O_CREAT|O_APPEND, 0666) = 935
37793 close(935)                        = 0
37793 openat(AT_FDCWD, "./remon.log", O_WRONLY|O_CREAT|O_APPEND, 0666) = 936
37793 close(936)                        = 0
37793 openat(AT_FDCWD, "./remon.log", O_WRONLY|O_CREAT|O_APPEND, 0666) = 937
37793 close(937)                        = 0
37793 openat(AT_FDCWD, "./remon.log", O_WRONLY|O_CREAT|O_APPEND, 0666) = 938
37793 close(938)                        = 0
37793 openat(AT_FDCWD, "./remon.log", O_WRONLY|O_CREAT|O_APPEND, 0666) = 939
37793 close(939)                        = 0
37793 openat(AT_FDCWD, "./remon.log", O_WRONLY|O_CREAT|O_APPEND, 0666) = 940
37793 close(940)                        = 0
37793 openat(AT_FDCWD, "./remon.log", O_WRONLY|O_CREAT|O_APPEND, 0666) = 941
37793 close(941)                        = 0
37793 openat(AT_FDCWD, "./remon.log", O_WRONLY|O_CREAT|O_APPEND, 0666) = 942
37793 close(942)                        = 0
37793 openat(AT_FDCWD, "./remon.log", O_WRONLY|O_CREAT|O_APPEND, 0666) = 943
37793 close(943)                        = 0
37793 openat(AT_FDCWD, "./remon.log", O_WRONLY|O_CREAT|O_APPEND, 0666) = 944
37793 close(944)                        = 0
37793 openat(AT_FDCWD, "./remon.log", O_WRONLY|O_CREAT|O_APPEND, 0666) = 945
37793 close(945)                        = 0
37793 openat(AT_FDCWD, "./remon.log", O_WRONLY|O_CREAT|O_APPEND, 0666) = 946
37793 close(946)                        = 0
37793 openat(AT_FDCWD, "./remon.log", O_WRONLY|O_CREAT|O_APPEND, 0666) = 947
37793 close(947)                        = 0
37793 openat(AT_FDCWD, "./remon.log", O_WRONLY|O_CREAT|O_APPEND, 0666) = 948
37793 close(948)                        = 0
37793 openat(AT_FDCWD, "./remon.log", O_WRONLY|O_CREAT|O_APPEND, 0666) = 949
37793 close(949)                        = 0
37793 openat(AT_FDCWD, "./remon.log", O_WRONLY|O_CREAT|O_APPEND, 0666) = 950
37793 close(950)                        = 0
37793 openat(AT_FDCWD, "./remon.log", O_WRONLY|O_CREAT|O_APPEND, 0666) = 951
37793 close(951)                        = 0
37793 openat(AT_FDCWD, "./remon.log", O_WRONLY|O_CREAT|O_APPEND, 0666) = 952
37793 close(952)                        = 0
37793 openat(AT_FDCWD, "./remon.log", O_WRONLY|O_CREAT|O_APPEND, 0666) = 953
37793 close(953)                        = 0
37793 openat(AT_FDCWD, "./remon.log", O_WRONLY|O_CREAT|O_APPEND, 0666) = 954
37793 close(954)                        = 0
37793 openat(AT_FDCWD, "./remon.log", O_WRONLY|O_CREAT|O_APPEND, 0666) = 955
37793 close(955)                        = 0
37793 openat(AT_FDCWD, "./remon.log", O_WRONLY|O_CREAT|O_APPEND, 0666) = 956
37793 close(956)                        = 0
37793 openat(AT_FDCWD, "./remon.log", O_WRONLY|O_CREAT|O_APPEND, 0666) = 957
37793 close(957)                        = 0
37793 openat(AT_FDCWD, "./remon.log", O_WRONLY|O_CREAT|O_APPEND, 0666) = 958
37793 close(958)                        = 0
37793 openat(AT_FDCWD, "./remon.log", O_WRONLY|O_CREAT|O_APPEND, 0666) = 959
37793 close(959)                        = 0
37793 openat(AT_FDCWD, "./remon.log", O_WRONLY|O_CREAT|O_APPEND, 0666) = 960
37793 close(960)                        = 0
37793 openat(AT_FDCWD, "./remon.log", O_WRONLY|O_CREAT|O_APPEND, 0666) = 961
37793 close(961)                        = 0
37793 openat(AT_FDCWD, "./remon.log", O_WRONLY|O_CREAT|O_APPEND, 0666) = 962
37793 close(962)                        = 0
37793 openat(AT_FDCWD, "./remon.log", O_WRONLY|O_CREAT|O_APPEND, 0666) = 963
37793 close(963)                        = 0
37793 openat(AT_FDCWD, "./remon.log", O_WRONLY|O_CREAT|O_APPEND, 0666) = 964
37793 close(964)                        = 0
37793 openat(AT_FDCWD, "./remon.log", O_WRONLY|O_CREAT|O_APPEND, 0666) = 965
37793 close(965)                        = 0
37793 openat(AT_FDCWD, "./remon.log", O_WRONLY|O_CREAT|O_APPEND, 0666) = 966
37793 close(966)                        = 0
37793 openat(AT_FDCWD, "./remon.log", O_WRONLY|O_CREAT|O_APPEND, 0666) = 967
37793 close(967)                        = 0
37793 openat(AT_FDCWD, "./remon.log", O_WRONLY|O_CREAT|O_APPEND, 0666) = 968
37793 close(968)                        = 0
37793 openat(AT_FDCWD, "./remon.log", O_WRONLY|O_CREAT|O_APPEND, 0666) = 969
37793 close(969)                        = 0
37793 openat(AT_FDCWD, "./remon.log", O_WRONLY|O_CREAT|O_APPEND, 0666) = 970
37793 close(970)                        = 0
37793 openat(AT_FDCWD, "./remon.log", O_WRONLY|O_CREAT|O_APPEND, 0666) = 971
37793 close(971)                        = 0
37793 openat(AT_FDCWD, "./remon.log", O_WRONLY|O_CREAT|O_APPEND, 0666) = 972
37793 close(972)                        = 0
37793 openat(AT_FDCWD, "./remon.log", O_WRONLY|O_CREAT|O_APPEND, 0666) = 973
37793 close(973)                        = 0
37793 openat(AT_FDCWD, "./remon.log", O_WRONLY|O_CREAT|O_APPEND, 0666) = 974
37793 close(974)                        = 0
37793 openat(AT_FDCWD, "./remon.log", O_WRONLY|O_CREAT|O_APPEND, 0666) = 975
37793 close(975)                        = 0
37793 openat(AT_FDCWD, "./remon.log", O_WRONLY|O_CREAT|O_APPEND, 0666) = 976
37793 close(976)                        = 0
37793 openat(AT_FDCWD, "./remon.log", O_WRONLY|O_CREAT|O_APPEND, 0666) = 977
37793 close(977)                        = 0
37793 openat(AT_FDCWD, "./remon.log", O_WRONLY|O_CREAT|O_APPEND, 0666) = 978
37793 close(978)                        = 0
37793 openat(AT_FDCWD, "./remon.log", O_WRONLY|O_CREAT|O_APPEND, 0666) = 979
37793 close(979)                        = 0
37793 openat(AT_FDCWD, "./remon.log", O_WRONLY|O_CREAT|O_APPEND, 0666) = 980
37793 close(980)                        = 0
37793 openat(AT_FDCWD, "./remon.log", O_WRONLY|O_CREAT|O_APPEND, 0666) = 981
37793 close(981)                        = 0
37793 openat(AT_FDCWD, "./remon.log", O_WRONLY|O_CREAT|O_APPEND, 0666) = 982
37793 close(982)                        = 0
37783 openat(AT_FDCWD, "/proc/self/statm", O_RDONLY) = 982
37783 close(982)                        = 0
37783 openat(AT_FDCWD, "/proc/self/statm", O_RDONLY) = 982
37783 close(982)                        = 0
37783 openat(AT_FDCWD, "/proc/self/statm", O_RDONLY) = 982
37783 close(982)                        = 0
37783 openat(AT_FDCWD, "/proc/self/statm", O_RDONLY) = 982
37783 close(982)                        = 0
37783 openat(AT_FDCWD, "/proc/self/statm", O_RDONLY) = 982
37783 close(982)                        = 0
37783 openat(AT_FDCWD, "/proc/self/statm", O_RDONLY) = 982
37783 close(982)                        = 0
37783 openat(AT_FDCWD, "/proc/self/statm", O_RDONLY) = 982
37783 close(982)                        = 0
37783 openat(AT_FDCWD, "/proc/self/statm", O_RDONLY) = 982
37783 close(982)                        = 0
37783 openat(AT_FDCWD, "/proc/self/statm", O_RDONLY) = 982
37783 close(982)                        = 0
37783 openat(AT_FDCWD, "/proc/self/statm", O_RDONLY) = 982
37783 close(982)                        = 0
37783 openat(AT_FDCWD, "/proc/self/statm", O_RDONLY) = 982
37783 close(982)                        = 0
37783 openat(AT_FDCWD, "/proc/self/statm", O_RDONLY) = 982
37783 close(982)                        = 0
37783 openat(AT_FDCWD, "/proc/self/statm", O_RDONLY) = 982
37783 close(982)                        = 0
37783 openat(AT_FDCWD, "/proc/self/statm", O_RDONLY) = 982
37783 close(982)                        = 0
37783 openat(AT_FDCWD, "/proc/self/statm", O_RDONLY) = 982
37783 close(982)                        = 0
37783 openat(AT_FDCWD, "/proc/self/statm", O_RDONLY) = 982
37783 close(982)                        = 0
37783 openat(AT_FDCWD, "/proc/self/statm", O_RDONLY) = 982
37783 close(982)                        = 0
37783 openat(AT_FDCWD, "/proc/self/statm", O_RDONLY) = 982
37783 close(982)                        = 0
37783 openat(AT_FDCWD, "/proc/self/statm", O_RDONLY) = 982
37783 close(982)                        = 0
37783 openat(AT_FDCWD, "/proc/self/statm", O_RDONLY) = 982
37783 close(982)                        = 0
37783 openat(AT_FDCWD, "/proc/self/statm", O_RDONLY) = 982
37783 close(982)                        = 0
37783 openat(AT_FDCWD, "/proc/self/statm", O_RDONLY) = 982
37783 close(982)                        = 0
37783 openat(AT_FDCWD, "/proc/self/statm", O_RDONLY) = 982
37783 close(982)                        = 0
37783 openat(AT_FDCWD, "/proc/self/statm", O_RDONLY) = 982
37783 close(982)                        = 0
37783 openat(AT_FDCWD, "/proc/self/statm", O_RDONLY) = 982
37783 close(982)                        = 0
37783 openat(AT_FDCWD, "/proc/self/statm", O_RDONLY) = 982
37783 close(982)                        = 0
37783 openat(AT_FDCWD, "/proc/self/statm", O_RDONLY) = 982
37783 close(982)                        = 0
37783 openat(AT_FDCWD, "/proc/self/statm", O_RDONLY) = 982
37783 close(982)                        = 0
37783 openat(AT_FDCWD, "/proc/self/statm", O_RDONLY) = 982
37783 close(982)                        = 0
37783 openat(AT_FDCWD, "/proc/self/statm", O_RDONLY) = 982
37783 close(982)                        = 0
37783 openat(AT_FDCWD, "/proc/self/statm", O_RDONLY) = 982
37783 close(982)                        = 0
37783 openat(AT_FDCWD, "/proc/self/statm", O_RDONLY) = 982
37783 close(982)                        = 0
37783 openat(AT_FDCWD, "/proc/self/statm", O_RDONLY) = 982
37783 close(982)                        = 0
37783 openat(AT_FDCWD, "/proc/self/statm", O_RDONLY) = 982
37783 close(982)                        = 0
37783 openat(AT_FDCWD, "/proc/self/statm", O_RDONLY) = 982
37783 close(982)                        = 0
37783 openat(AT_FDCWD, "/proc/self/statm", O_RDONLY) = 982
37783 close(982)                        = 0
37783 openat(AT_FDCWD, "/proc/self/statm", O_RDONLY) = 982
37783 close(982)                        = 0
37783 openat(AT_FDCWD, "/proc/self/statm", O_RDONLY) = 982
37783 close(982)                        = 0
37783 openat(AT_FDCWD, "/proc/self/statm", O_RDONLY) = 982
37783 close(982)                        = 0
37783 openat(AT_FDCWD, "/proc/self/statm", O_RDONLY) = 982
37783 close(982)                        = 0
37783 openat(AT_FDCWD, "/proc/self/statm", O_RDONLY) = 982
37783 close(982)                        = 0
37783 openat(AT_FDCWD, "/proc/self/statm", O_RDONLY) = 982
37783 close(982)                        = 0
37783 openat(AT_FDCWD, "/proc/self/statm", O_RDONLY) = 982
37783 close(982)                        = 0
37783 openat(AT_FDCWD, "/proc/self/statm", O_RDONLY) = 982
37783 close(982)                        = 0
37783 openat(AT_FDCWD, "/proc/self/statm", O_RDONLY) = 982
37783 close(982)                        = 0
37783 openat(AT_FDCWD, "/proc/self/statm", O_RDONLY) = 982
37783 close(982)                        = 0
37783 openat(AT_FDCWD, "/proc/self/statm", O_RDONLY) = 982
37783 close(982)                        = 0
37783 openat(AT_FDCWD, "/proc/self/statm", O_RDONLY) = 982
37783 close(982)                        = 0
37783 openat(AT_FDCWD, "/proc/self/statm", O_RDONLY) = 982
37783 close(982)                        = 0
37783 openat(AT_FDCWD, "/proc/self/statm", O_RDONLY) = 982
37783 close(982)                        = 0
37783 openat(AT_FDCWD, "/proc/self/statm", O_RDONLY) = 982
37783 close(982)                        = 0
37783 openat(AT_FDCWD, "/proc/self/statm", O_RDONLY) = 982
37783 close(982)                        = 0
37783 openat(AT_FDCWD, "/proc/self/statm", O_RDONLY) = 982
37783 close(982)                        = 0
37783 openat(AT_FDCWD, "/proc/self/statm", O_RDONLY) = 982
37783 close(982)                        = 0
37783 openat(AT_FDCWD, "/proc/self/statm", O_RDONLY) = 982
37783 close(982)                        = 0
37783 openat(AT_FDCWD, "/proc/self/statm", O_RDONLY) = 982
37783 close(982)                        = 0
37783 openat(AT_FDCWD, "/proc/self/statm", O_RDONLY) = 982
37783 close(982)                        = 0
37783 openat(AT_FDCWD, "/proc/self/statm", O_RDONLY) = 982
37783 close(982)                        = 0
37783 openat(AT_FDCWD, "/proc/self/statm", O_RDONLY) = 982
37783 close(982)                        = 0
37783 openat(AT_FDCWD, "/proc/self/statm", O_RDONLY) = 982
37783 close(982)                        = 0
37783 openat(AT_FDCWD, "/proc/self/statm", O_RDONLY) = 982
37783 close(982)                        = 0
37783 openat(AT_FDCWD, "/proc/self/statm", O_RDONLY) = 982
37783 close(982)                        = 0
37783 openat(AT_FDCWD, "/proc/self/statm", O_RDONLY) = 982
37783 close(982)                        = 0
37783 openat(AT_FDCWD, "/proc/self/statm", O_RDONLY) = 982
37783 close(982)                        = 0
37783 openat(AT_FDCWD, "/proc/self/statm", O_RDONLY) = 982
37783 close(982)                        = 0
37783 openat(AT_FDCWD, "/proc/self/statm", O_RDONLY) = 982
37783 close(982)                        = 0
37783 openat(AT_FDCWD, "/proc/self/statm", O_RDONLY) = 982
37783 close(982)                        = 0
37783 openat(AT_FDCWD, "/proc/self/statm", O_RDONLY) = 982
37783 close(982)                        = 0
37783 openat(AT_FDCWD, "/proc/self/statm", O_RDONLY) = 982
37783 close(982)                        = 0
37783 openat(AT_FDCWD, "/proc/self/statm", O_RDONLY) = 982
37783 close(982)                        = 0
37783 openat(AT_FDCWD, "/proc/self/statm", O_RDONLY) = 982
37783 close(982)                        = 0
37783 openat(AT_FDCWD, "/proc/self/statm", O_RDONLY) = 982
37783 close(982)                        = 0
37783 openat(AT_FDCWD, "/proc/self/statm", O_RDONLY) = 982
37783 close(982)                        = 0
37783 openat(AT_FDCWD, "/proc/self/statm", O_RDONLY) = 982
37783 close(982)                        = 0
37783 openat(AT_FDCWD, "/proc/self/statm", O_RDONLY) = 982
37783 close(982)                        = 0
37783 openat(AT_FDCWD, "/proc/self/statm", O_RDONLY) = 982
37783 close(982)                        = 0
37783 openat(AT_FDCWD, "/proc/self/statm", O_RDONLY) = 982
37783 close(982)                        = 0
37783 openat(AT_FDCWD, "/proc/self/statm", O_RDONLY) = 982
37783 close(982)                        = 0
37783 openat(AT_FDCWD, "/proc/self/statm", O_RDONLY) = 982
37783 close(982)                        = 0
37783 openat(AT_FDCWD, "/proc/self/statm", O_RDONLY) = 982
37783 close(982)                        = 0
37783 openat(AT_FDCWD, "/proc/self/statm", O_RDONLY) = 982
37783 close(982)                        = 0
37783 openat(AT_FDCWD, "/proc/self/statm", O_RDONLY) = 982
37783 close(982)                        = 0
37783 openat(AT_FDCWD, "/proc/self/statm", O_RDONLY) = 982
37783 close(982)                        = 0
37783 openat(AT_FDCWD, "/proc/self/statm", O_RDONLY) = 982
37783 close(982)                        = 0
37783 openat(AT_FDCWD, "/proc/self/statm", O_RDONLY) = 982
37783 close(982)                        = 0
37783 openat(AT_FDCWD, "/proc/self/statm", O_RDONLY) = 982
37783 close(982)                        = 0
37783 openat(AT_FDCWD, "/proc/self/statm", O_RDONLY) = 982
37783 close(982)                        = 0
37783 openat(AT_FDCWD, "/proc/self/statm", O_RDONLY) = 982
37783 close(982)                        = 0
37783 openat(AT_FDCWD, "/proc/self/statm", O_RDONLY) = 982
37783 close(982)                        = 0
37783 openat(AT_FDCWD, "/proc/self/statm", O_RDONLY) = 982
37783 close(982)                        = 0
37783 openat(AT_FDCWD, "/proc/self/statm", O_RDONLY) = 982
37783 close(982)                        = 0
37783 openat(AT_FDCWD, "/proc/self/statm", O_RDONLY) = 982
37783 close(982)                        = 0
37783 openat(AT_FDCWD, "/proc/self/statm", O_RDONLY) = 982
37783 close(982)                        = 0
37783 openat(AT_FDCWD, "/proc/self/statm", O_RDONLY) = 982
37783 close(982)                        = 0
37783 openat(AT_FDCWD, "/proc/self/statm", O_RDONLY) = 982
37783 close(982)                        = 0
37783 openat(AT_FDCWD, "/proc/self/statm", O_RDONLY) = 982
37783 close(982)                        = 0
37783 openat(AT_FDCWD, "/proc/self/statm", O_RDONLY) = 982
37783 close(982)                        = 0
37783 openat(AT_FDCWD, "/proc/self/statm", O_RDONLY) = 982
37783 close(982)                        = 0
37783 openat(AT_FDCWD, "/proc/self/statm", O_RDONLY) = 982
37783 close(982)                        = 0
37783 openat(AT_FDCWD, "/proc/self/statm", O_RDONLY) = 982
37783 close(982)                        = 0
37783 openat(AT_FDCWD, "/proc/self/statm", O_RDONLY) = 982
37783 close(982)                        = 0
37783 openat(AT_FDCWD, "/proc/self/statm", O_RDONLY) = 982
37783 close(982)                        = 0
37783 openat(AT_FDCWD, "/proc/self/statm", O_RDONLY) = 982
37783 close(982)                        = 0
37783 openat(AT_FDCWD, "/proc/self/statm", O_RDONLY) = 982
37783 close(982)                        = 0
37783 openat(AT_FDCWD, "/proc/self/statm", O_RDONLY) = 982
37783 close(982)                        = 0
37783 openat(AT_FDCWD, "/proc/self/statm", O_RDONLY) = 982
37783 close(982)                        = 0
37783 openat(AT_FDCWD, "/proc/self/statm", O_RDONLY) = 982
37783 close(982)                        = 0
37783 openat(AT_FDCWD, "/proc/self/statm", O_RDONLY) = 982
37783 close(982)                        = 0
37783 openat(AT_FDCWD, "/proc/self/statm", O_RDONLY) = 982
37783 close(982)                        = 0
37783 openat(AT_FDCWD, "/proc/self/statm", O_RDONLY) = 982
37783 close(982)                        = 0
37783 openat(AT_FDCWD, "/proc/self/statm", O_RDONLY) = 982
37783 close(982)                        = 0
37783 openat(AT_FDCWD, "/proc/self/statm", O_RDONLY) = 982
37783 close(982)                        = 0
37783 openat(AT_FDCWD, "/proc/self/statm", O_RDONLY) = 982
37783 close(982)                        = 0
37783 openat(AT_FDCWD, "/proc/self/statm", O_RDONLY) = 982
37783 close(982)                        = 0
37783 openat(AT_FDCWD, "/proc/self/statm", O_RDONLY) = 982
37783 close(982)                        = 0
37783 openat(AT_FDCWD, "/proc/self/statm", O_RDONLY) = 982
37783 close(982)                        = 0
37783 openat(AT_FDCWD, "/proc/self/statm", O_RDONLY) = 982
37783 close(982)                        = 0
37783 openat(AT_FDCWD, "/proc/self/statm", O_RDONLY) = 982
37783 close(982)                        = 0
37783 openat(AT_FDCWD, "/proc/self/statm", O_RDONLY) = 982
37783 close(982)                        = 0
37783 openat(AT_FDCWD, "/proc/self/statm", O_RDONLY) = 982
37783 close(982)                        = 0
37783 openat(AT_FDCWD, "/proc/self/statm", O_RDONLY) = 982
37783 close(982)                        = 0
37783 openat(AT_FDCWD, "/proc/self/statm", O_RDONLY) = 982
37783 close(982)                        = 0
37783 openat(AT_FDCWD, "/proc/self/statm", O_RDONLY) = 982
37783 close(982)                        = 0
37783 openat(AT_FDCWD, "/proc/self/statm", O_RDONLY) = 982
37783 close(982)                        = 0
37783 openat(AT_FDCWD, "/proc/self/statm", O_RDONLY) = 982
37783 close(982)                        = 0
37783 openat(AT_FDCWD, "/proc/self/statm", O_RDONLY) = 982
37783 close(982)                        = 0
37783 openat(AT_FDCWD, "/proc/self/statm", O_RDONLY) = 982
37783 close(982)                        = 0
37783 openat(AT_FDCWD, "/proc/self/statm", O_RDONLY) = 982
37783 close(982)                        = 0
37783 openat(AT_FDCWD, "/proc/self/statm", O_RDONLY) = 982
37783 close(982)                        = 0
37783 openat(AT_FDCWD, "/proc/self/statm", O_RDONLY) = 982
37783 close(982)                        = 0
37783 openat(AT_FDCWD, "/proc/self/statm", O_RDONLY) = 982
37783 close(982)                        = 0
37783 openat(AT_FDCWD, "/proc/self/statm", O_RDONLY) = 982
37783 close(982)                        = 0
37783 openat(AT_FDCWD, "/proc/self/statm", O_RDONLY) = 982
37783 close(982)                        = 0
37783 openat(AT_FDCWD, "/proc/self/statm", O_RDONLY) = 982
37783 close(982)                        = 0
37783 openat(AT_FDCWD, "/proc/self/statm", O_RDONLY) = 982
37783 close(982)                        = 0
37783 openat(AT_FDCWD, "/proc/self/statm", O_RDONLY) = 982
37783 close(982)                        = 0
37783 openat(AT_FDCWD, "/proc/self/statm", O_RDONLY) = 982
37783 close(982)                        = 0
37783 openat(AT_FDCWD, "/proc/self/statm", O_RDONLY) = 982
37783 close(982)                        = 0
37783 openat(AT_FDCWD, "/proc/self/statm", O_RDONLY) = 982
37783 close(982)                        = 0
37783 openat(AT_FDCWD, "/proc/self/statm", O_RDONLY) = 982
37783 close(982)                        = 0
37783 openat(AT_FDCWD, "/proc/self/statm", O_RDONLY) = 982
37783 close(982)                        = 0
37783 openat(AT_FDCWD, "/proc/self/statm", O_RDONLY) = 982
37783 close(982)                        = 0
37783 openat(AT_FDCWD, "/proc/self/statm", O_RDONLY) = 982
37783 close(982)                        = 0
37783 openat(AT_FDCWD, "/proc/self/statm", O_RDONLY) = 982
37783 close(982)                        = 0
37783 openat(AT_FDCWD, "/proc/self/statm", O_RDONLY) = 982
37783 close(982)                        = 0
37783 openat(AT_FDCWD, "/proc/self/statm", O_RDONLY) = 982
37783 close(982)                        = 0
37783 openat(AT_FDCWD, "/proc/self/statm", O_RDONLY) = 982
37783 close(982)                        = 0
37783 openat(AT_FDCWD, "/proc/self/statm", O_RDONLY) = 982
37783 close(982)                        = 0
37783 openat(AT_FDCWD, "/proc/self/statm", O_RDONLY) = 982
37783 close(982)                        = 0
37783 openat(AT_FDCWD, "/proc/self/statm", O_RDONLY) = 982
37783 close(982)                        = 0
37783 openat(AT_FDCWD, "/proc/self/statm", O_RDONLY) = 982
37783 close(982)                        = 0
37783 openat(AT_FDCWD, "/proc/self/statm", O_RDONLY) = 982
37783 close(982)                        = 0
37783 openat(AT_FDCWD, "/proc/self/statm", O_RDONLY) = 982
37783 close(982)                        = 0
37783 openat(AT_FDCWD, "/proc/self/statm", O_RDONLY) = 982
37783 close(982)                        = 0
37783 openat(AT_FDCWD, "/proc/self/statm", O_RDONLY) = 982
37783 close(982)                        = 0
37783 openat(AT_FDCWD, "/proc/self/statm", O_RDONLY) = 982
37783 close(982)                        = 0
37783 openat(AT_FDCWD, "/proc/self/statm", O_RDONLY) = 982
37783 close(982)                        = 0
37783 openat(AT_FDCWD, "/proc/self/statm", O_RDONLY) = 982
37783 close(982)                        = 0
37783 openat(AT_FDCWD, "/proc/self/statm", O_RDONLY) = 982
37783 close(982)                        = 0
37783 openat(AT_FDCWD, "/proc/self/statm", O_RDONLY) = 982
37783 close(982)                        = 0
37783 openat(AT_FDCWD, "/proc/self/statm", O_RDONLY) = 982
37783 close(982)                        = 0
37783 openat(AT_FDCWD, "/proc/self/statm", O_RDONLY) = 982
37783 close(982)                        = 0
37783 openat(AT_FDCWD, "/proc/self/statm", O_RDONLY) = 982
37783 close(982)                        = 0
37783 openat(AT_FDCWD, "/proc/self/statm", O_RDONLY) = 982
37783 close(982)                        = 0
37783 openat(AT_FDCWD, "/proc/self/statm", O_RDONLY) = 982
37783 close(982)                        = 0
37783 openat(AT_FDCWD, "/proc/self/statm", O_RDONLY) = 982
37783 close(982)                        = 0
37783 openat(AT_FDCWD, "/proc/self/statm", O_RDONLY) = 982
37783 close(982)                        = 0
37783 openat(AT_FDCWD, "/proc/self/statm", O_RDONLY) = 982
37783 close(982)                        = 0
37783 openat(AT_FDCWD, "/proc/self/statm", O_RDONLY) = 982
37783 close(982)                        = 0
37783 openat(AT_FDCWD, "/proc/self/statm", O_RDONLY) = 982
37783 close(982)                        = 0
37783 openat(AT_FDCWD, "/proc/self/statm", O_RDONLY) = 982
37783 close(982)                        = 0
37783 openat(AT_FDCWD, "/proc/self/statm", O_RDONLY) = 982
37783 close(982)                        = 0
37783 openat(AT_FDCWD, "/proc/self/statm", O_RDONLY) = 982
37783 close(982)                        = 0
37783 openat(AT_FDCWD, "/proc/self/statm", O_RDONLY) = 982
37783 close(982)                        = 0
37783 openat(AT_FDCWD, "/proc/self/statm", O_RDONLY) = 982
37783 close(982)                        = 0
37783 openat(AT_FDCWD, "/proc/self/statm", O_RDONLY) = 982
37783 close(982)                        = 0
37783 openat(AT_FDCWD, "/proc/self/statm", O_RDONLY) = 982
37783 close(982)                        = 0
37783 openat(AT_FDCWD, "/proc/self/statm", O_RDONLY) = 982
37783 close(982)                        = 0
37783 openat(AT_FDCWD, "/proc/self/statm", O_RDONLY) = 982
37783 close(982)                        = 0
37783 openat(AT_FDCWD, "/proc/self/statm", O_RDONLY) = 982
37783 close(982)                        = 0
37783 openat(AT_FDCWD, "/proc/self/statm", O_RDONLY) = 982
37783 close(982)                        = 0
37783 openat(AT_FDCWD, "/proc/self/statm", O_RDONLY) = 982
37783 close(982)                        = 0
37783 openat(AT_FDCWD, "/proc/self/statm", O_RDONLY) = 982
37783 close(982)                        = 0
37783 openat(AT_FDCWD, "/proc/self/statm", O_RDONLY) = 982
37783 close(982)                        = 0
37783 openat(AT_FDCWD, "/proc/self/statm", O_RDONLY) = 982
37783 close(982)                        = 0
37783 openat(AT_FDCWD, "/proc/self/statm", O_RDONLY) = 982
37783 close(982)                        = 0
37783 openat(AT_FDCWD, "/proc/self/statm", O_RDONLY) = 982
37783 close(982)                        = 0
37783 openat(AT_FDCWD, "/proc/self/statm", O_RDONLY) = 982
37783 close(982)                        = 0
37783 openat(AT_FDCWD, "/proc/self/statm", O_RDONLY) = 982
37783 close(982)                        = 0
37783 openat(AT_FDCWD, "/proc/self/statm", O_RDONLY) = 982
37783 close(982)                        = 0
37783 openat(AT_FDCWD, "/proc/self/statm", O_RDONLY) = 982
37783 close(982)                        = 0
37783 openat(AT_FDCWD, "/proc/self/statm", O_RDONLY) = 982
37783 close(982)                        = 0
37783 openat(AT_FDCWD, "/proc/self/statm", O_RDONLY) = 982
37783 close(982)                        = 0
37783 openat(AT_FDCWD, "/proc/self/statm", O_RDONLY) = 982
37783 close(982)                        = 0
37783 openat(AT_FDCWD, "/proc/self/statm", O_RDONLY) = 982
37783 close(982)                        = 0
37783 openat(AT_FDCWD, "/proc/self/statm", O_RDONLY) = 982
37783 close(982)                        = 0
37783 openat(AT_FDCWD, "/proc/self/statm", O_RDONLY) = 982
37783 close(982)                        = 0
37783 openat(AT_FDCWD, "/proc/self/statm", O_RDONLY) = 982
37783 close(982)                        = 0
37783 openat(AT_FDCWD, "/proc/self/statm", O_RDONLY) = 982
37783 close(982)                        = 0
37783 openat(AT_FDCWD, "/proc/self/statm", O_RDONLY) = 982
37783 close(982)                        = 0
37783 openat(AT_FDCWD, "/proc/self/statm", O_RDONLY) = 982
37783 close(982)                        = 0
37783 openat(AT_FDCWD, "/proc/self/statm", O_RDONLY) = 982
37783 close(982)                        = 0
37783 openat(AT_FDCWD, "/proc/self/statm", O_RDONLY) = 982
37783 close(982)                        = 0
37783 openat(AT_FDCWD, "/proc/self/statm", O_RDONLY) = 982
37783 close(982)                        = 0
37783 openat(AT_FDCWD, "/proc/self/statm", O_RDONLY) = 982
37783 close(982)                        = 0
37783 openat(AT_FDCWD, "/proc/self/statm", O_RDONLY) = 982
37783 close(982)                        = 0
37783 openat(AT_FDCWD, "/proc/self/statm", O_RDONLY) = 982
37783 close(982)                        = 0
37783 openat(AT_FDCWD, "/proc/self/statm", O_RDONLY) = 982
37783 close(982)                        = 0
37783 openat(AT_FDCWD, "/proc/self/statm", O_RDONLY) = 982
37783 close(982)                        = 0
37783 openat(AT_FDCWD, "/proc/self/statm", O_RDONLY) = 982
37783 close(982)                        = 0
37783 openat(AT_FDCWD, "/proc/self/statm", O_RDONLY) = 982
37783 close(982)                        = 0
37783 openat(AT_FDCWD, "/proc/self/statm", O_RDONLY) = 982
37783 close(982)                        = 0
37783 openat(AT_FDCWD, "/proc/self/statm", O_RDONLY) = 982
37783 close(982)                        = 0
37783 openat(AT_FDCWD, "/proc/self/statm", O_RDONLY) = 982
37783 close(982)                        = 0
37783 openat(AT_FDCWD, "/proc/self/statm", O_RDONLY) = 982
37783 close(982)                        = 0
37783 openat(AT_FDCWD, "/proc/self/statm", O_RDONLY) = 982
37783 close(982)                        = 0
37783 openat(AT_FDCWD, "/proc/self/statm", O_RDONLY) = 982
37783 close(982)                        = 0
37783 openat(AT_FDCWD, "/proc/self/statm", O_RDONLY) = 982
37783 close(982)                        = 0
37783 openat(AT_FDCWD, "/proc/self/statm", O_RDONLY) = 982
37783 close(982)                        = 0
37783 openat(AT_FDCWD, "/proc/self/statm", O_RDONLY) = 982
37783 close(982)                        = 0
37783 openat(AT_FDCWD, "/proc/self/statm", O_RDONLY) = 982
37783 close(982)                        = 0
37783 openat(AT_FDCWD, "/proc/self/statm", O_RDONLY) = 982
37783 close(982)                        = 0
37783 openat(AT_FDCWD, "/proc/self/statm", O_RDONLY) = 982
37783 close(982)                        = 0
37783 openat(AT_FDCWD, "/proc/self/statm", O_RDONLY) = 982
37783 close(982)                        = 0
37783 openat(AT_FDCWD, "/proc/self/statm", O_RDONLY) = 982
37783 close(982)                        = 0
37783 openat(AT_FDCWD, "/proc/self/statm", O_RDONLY) = 982
37783 close(982)                        = 0
37783 openat(AT_FDCWD, "/proc/self/statm", O_RDONLY) = 982
37783 close(982)                        = 0
37783 openat(AT_FDCWD, "/proc/self/statm", O_RDONLY) = 982
37783 close(982)                        = 0
37783 openat(AT_FDCWD, "/proc/self/statm", O_RDONLY) = 982
37783 close(982)                        = 0
37783 openat(AT_FDCWD, "/proc/self/statm", O_RDONLY) = 982
37783 close(982)                        = 0
37783 openat(AT_FDCWD, "/proc/self/statm", O_RDONLY) = 982
37783 close(982)                        = 0
37783 openat(AT_FDCWD, "/proc/self/statm", O_RDONLY) = 982
37783 close(982)                        = 0
37783 openat(AT_FDCWD, "/proc/self/statm", O_RDONLY) = 982
37783 close(982)                        = 0
37783 openat(AT_FDCWD, "/proc/self/statm", O_RDONLY) = 982
37783 close(982)                        = 0
37783 openat(AT_FDCWD, "/proc/self/statm", O_RDONLY) = 982
37783 close(982)                        = 0
37783 openat(AT_FDCWD, "/proc/self/statm", O_RDONLY) = 982
37783 close(982)                        = 0
37783 openat(AT_FDCWD, "/proc/self/statm", O_RDONLY) = 982
37783 close(982)                        = 0
37783 openat(AT_FDCWD, "/proc/self/statm", O_RDONLY) = 982
37783 close(982)                        = 0
37783 openat(AT_FDCWD, "/proc/self/statm", O_RDONLY) = 982
37783 close(982)                        = 0
37783 openat(AT_FDCWD, "/proc/self/statm", O_RDONLY) = 982
37783 close(982)                        = 0
37783 openat(AT_FDCWD, "/proc/self/statm", O_RDONLY) = 982
37783 close(982)                        = 0
37783 openat(AT_FDCWD, "/proc/self/statm", O_RDONLY) = 982
37783 close(982)                        = 0
37783 openat(AT_FDCWD, "/proc/self/statm", O_RDONLY) = 982
37783 close(982)                        = 0
37783 openat(AT_FDCWD, "/proc/self/statm", O_RDONLY) = 982
37783 close(982)                        = 0
37783 openat(AT_FDCWD, "/proc/self/statm", O_RDONLY) = 982
37783 close(982)                        = 0
37783 openat(AT_FDCWD, "/proc/self/statm", O_RDONLY) = 982
37783 close(982)                        = 0
37783 openat(AT_FDCWD, "/proc/self/statm", O_RDONLY) = 982
37783 close(982)                        = 0
37783 openat(AT_FDCWD, "/proc/self/statm", O_RDONLY) = 982
37783 close(982)                        = 0
37783 openat(AT_FDCWD, "/proc/self/statm", O_RDONLY) = 982
37783 close(982)                        = 0
37783 openat(AT_FDCWD, "/proc/self/statm", O_RDONLY) = 982
37783 close(982)                        = 0
37783 openat(AT_FDCWD, "/proc/self/statm", O_RDONLY) = 982
37783 close(982)                        = 0
37783 openat(AT_FDCWD, "/proc/self/statm", O_RDONLY) = 982
37783 close(982)                        = 0
37783 openat(AT_FDCWD, "/proc/self/statm", O_RDONLY) = 982
37783 close(982)                        = 0
37783 openat(AT_FDCWD, "/proc/self/statm", O_RDONLY) = 982
37783 close(982)                        = 0
37783 openat(AT_FDCWD, "/proc/self/statm", O_RDONLY) = 982
37783 close(982)                        = 0
37783 openat(AT_FDCWD, "/proc/self/statm", O_RDONLY) = 982
37783 close(982)                        = 0
37783 openat(AT_FDCWD, "/proc/self/statm", O_RDONLY) = 982
37783 close(982)                        = 0
37783 openat(AT_FDCWD, "/proc/self/statm", O_RDONLY) = 982
37783 close(982)                        = 0
37783 openat(AT_FDCWD, "/proc/self/statm", O_RDONLY) = 982
37783 close(982)                        = 0
37783 openat(AT_FDCWD, "/proc/self/statm", O_RDONLY) = 982
37783 close(982)                        = 0
37783 openat(AT_FDCWD, "/proc/self/statm", O_RDONLY) = 982
37783 close(982)                        = 0
37783 openat(AT_FDCWD, "/proc/self/statm", O_RDONLY) = 982
37783 close(982)                        = 0
37783 openat(AT_FDCWD, "/proc/self/statm", O_RDONLY) = 982
37783 close(982)                        = 0
37783 openat(AT_FDCWD, "/proc/self/statm", O_RDONLY) = 982
37783 close(982)                        = 0
37783 openat(AT_FDCWD, "/proc/self/statm", O_RDONLY) = 982
37783 close(982)                        = 0
37783 openat(AT_FDCWD, "/proc/self/statm", O_RDONLY) = 982
37783 close(982)                        = 0
37783 openat(AT_FDCWD, "/proc/self/statm", O_RDONLY) = 982
37783 close(982)                        = 0
37783 openat(AT_FDCWD, "/proc/self/statm", O_RDONLY) = 982
37783 close(982)                        = 0
37783 openat(AT_FDCWD, "/proc/self/statm", O_RDONLY) = 982
37783 close(982)                        = 0
37783 openat(AT_FDCWD, "/proc/self/statm", O_RDONLY) = 982
37783 close(982)                        = 0
37783 openat(AT_FDCWD, "/proc/self/statm", O_RDONLY) = 982
37783 close(982)                        = 0
37783 openat(AT_FDCWD, "/proc/self/statm", O_RDONLY) = 982
37783 close(982)                        = 0
37783 openat(AT_FDCWD, "/proc/self/statm", O_RDONLY) = 982
37783 close(982)                        = 0
37783 openat(AT_FDCWD, "/proc/self/statm", O_RDONLY) = 982
37783 close(982)                        = 0
37783 openat(AT_FDCWD, "/proc/self/statm", O_RDONLY) = 982
37783 close(982)                        = 0
37783 openat(AT_FDCWD, "/proc/self/statm", O_RDONLY) = 982
37783 close(982)                        = 0
37783 openat(AT_FDCWD, "/proc/self/statm", O_RDONLY) = 982
37783 close(982)                        = 0
37783 openat(AT_FDCWD, "/proc/self/statm", O_RDONLY) = 982
37783 close(982)                        = 0
37783 openat(AT_FDCWD, "/proc/self/statm", O_RDONLY) = 982
37783 close(982)                        = 0
37783 openat(AT_FDCWD, "/proc/self/statm", O_RDONLY) = 982
37783 close(982)                        = 0
37783 openat(AT_FDCWD, "/proc/self/statm", O_RDONLY) = 982
37783 close(982)                        = 0
37783 openat(AT_FDCWD, "/proc/self/statm", O_RDONLY) = 982
37783 close(982)                        = 0
37783 openat(AT_FDCWD, "/proc/self/statm", O_RDONLY) = 982
37783 close(982)                        = 0
37783 openat(AT_FDCWD, "/proc/self/statm", O_RDONLY) = 982
37783 close(982)                        = 0
37783 openat(AT_FDCWD, "/proc/self/statm", O_RDONLY) = 982
37783 close(982)                        = 0
37783 openat(AT_FDCWD, "/proc/self/statm", O_RDONLY) = 982
37783 close(982)                        = 0
37783 openat(AT_FDCWD, "/proc/self/statm", O_RDONLY) = 982
37783 close(982)                        = 0
37783 openat(AT_FDCWD, "/proc/self/statm", O_RDONLY) = 982
37783 close(982)                        = 0
37783 openat(AT_FDCWD, "/proc/self/statm", O_RDONLY) = 982
37783 close(982)                        = 0
37783 openat(AT_FDCWD, "/proc/self/statm", O_RDONLY) = 982
37783 close(982)                        = 0
37783 openat(AT_FDCWD, "/proc/self/statm", O_RDONLY) = 982
37783 close(982)                        = 0
37783 openat(AT_FDCWD, "/proc/self/statm", O_RDONLY) = 982
37783 close(982)                        = 0
37783 openat(AT_FDCWD, "/proc/self/statm", O_RDONLY) = 982
37783 close(982)                        = 0
37783 openat(AT_FDCWD, "/proc/self/statm", O_RDONLY) = 982
37783 close(982)                        = 0
37783 openat(AT_FDCWD, "/proc/self/statm", O_RDONLY) = 982
37783 close(982)                        = 0
37783 openat(AT_FDCWD, "/proc/self/statm", O_RDONLY) = 982
37783 close(982)                        = 0
37783 openat(AT_FDCWD, "/proc/self/statm", O_RDONLY) = 982
37783 close(982)                        = 0
37783 openat(AT_FDCWD, "/proc/self/statm", O_RDONLY) = 982
37783 close(982)                        = 0
37783 openat(AT_FDCWD, "/proc/self/statm", O_RDONLY) = 982
37783 close(982)                        = 0
37783 openat(AT_FDCWD, "/proc/self/statm", O_RDONLY) = 982
37783 close(982)                        = 0
37783 openat(AT_FDCWD, "/proc/self/statm", O_RDONLY) = 982
37783 close(982)                        = 0
37783 openat(AT_FDCWD, "/proc/self/statm", O_RDONLY) = 982
37783 close(982)                        = 0
37783 openat(AT_FDCWD, "/proc/self/statm", O_RDONLY) = 982
37783 close(982)                        = 0
37783 openat(AT_FDCWD, "/proc/self/statm", O_RDONLY) = 982
37783 close(982)                        = 0
37783 openat(AT_FDCWD, "/proc/self/statm", O_RDONLY) = 982
37783 close(982)                        = 0
37783 openat(AT_FDCWD, "/proc/self/statm", O_RDONLY) = 982
37783 close(982)                        = 0
37783 openat(AT_FDCWD, "/proc/self/statm", O_RDONLY) = 982
37783 close(982)                        = 0
37783 openat(AT_FDCWD, "/proc/self/statm", O_RDONLY) = 982
37783 close(982)                        = 0
37783 openat(AT_FDCWD, "/proc/self/statm", O_RDONLY) = 982
37783 close(982)                        = 0
37783 openat(AT_FDCWD, "/proc/self/statm", O_RDONLY) = 982
37783 close(982)                        = 0
37783 openat(AT_FDCWD, "/proc/self/statm", O_RDONLY) = 982
37783 close(982)                        = 0
37783 openat(AT_FDCWD, "/proc/self/statm", O_RDONLY) = 982
37783 close(982)                        = 0
37783 openat(AT_FDCWD, "/proc/self/statm", O_RDONLY) = 982
37783 close(982)                        = 0
37783 openat(AT_FDCWD, "/proc/self/statm", O_RDONLY) = 982
37783 close(982)                        = 0
37783 openat(AT_FDCWD, "/proc/self/statm", O_RDONLY) = 982
37783 close(982)                        = 0
37783 openat(AT_FDCWD, "/proc/self/statm", O_RDONLY) = 982
37783 close(982)                        = 0
37783 openat(AT_FDCWD, "/proc/self/statm", O_RDONLY) = 982
37783 close(982)                        = 0
37783 openat(AT_FDCWD, "/proc/self/statm", O_RDONLY) = 982
37783 close(982)                        = 0
37783 openat(AT_FDCWD, "/proc/self/statm", O_RDONLY) = 982
37783 close(982)                        = 0
37783 openat(AT_FDCWD, "/proc/self/statm", O_RDONLY) = 982
37783 close(982)                        = 0
37783 openat(AT_FDCWD, "/proc/self/statm", O_RDONLY) = 982
37783 close(982)                        = 0
37783 openat(AT_FDCWD, "/proc/self/statm", O_RDONLY) = 982
37783 close(982)                        = 0
37783 openat(AT_FDCWD, "/proc/self/statm", O_RDONLY) = 982
37783 close(982)                        = 0
37783 openat(AT_FDCWD, "/proc/self/statm", O_RDONLY) = 982
37783 close(982)                        = 0
37783 openat(AT_FDCWD, "/proc/self/statm", O_RDONLY) = 982
37783 close(982)                        = 0
37783 openat(AT_FDCWD, "/proc/self/statm", O_RDONLY) = 982
37783 close(982)                        = 0
37783 openat(AT_FDCWD, "/proc/self/statm", O_RDONLY) = 982
37783 close(982)                        = 0
37783 openat(AT_FDCWD, "/proc/self/statm", O_RDONLY) = 982
37783 close(982)                        = 0
37783 openat(AT_FDCWD, "/proc/self/statm", O_RDONLY) = 982
37783 close(982)                        = 0
37783 openat(AT_FDCWD, "/proc/self/statm", O_RDONLY) = 982
37783 close(982)                        = 0
37783 openat(AT_FDCWD, "/proc/self/statm", O_RDONLY) = 982
37783 close(982)                        = 0
37783 openat(AT_FDCWD, "/proc/self/statm", O_RDONLY) = 982
37783 close(982)                        = 0
37783 openat(AT_FDCWD, "/proc/self/statm", O_RDONLY) = 982
37783 close(982)                        = 0
37783 openat(AT_FDCWD, "/proc/self/statm", O_RDONLY) = 982
37783 close(982)                        = 0
37783 openat(AT_FDCWD, "/proc/self/statm", O_RDONLY) = 982
37783 close(982)                        = 0
37783 openat(AT_FDCWD, "/proc/self/statm", O_RDONLY) = 982
37783 close(982)                        = 0
37783 openat(AT_FDCWD, "/proc/self/statm", O_RDONLY) = 982
37783 close(982)                        = 0
37783 openat(AT_FDCWD, "/proc/self/statm", O_RDONLY) = 982
37783 close(982)                        = 0
37783 openat(AT_FDCWD, "/proc/self/statm", O_RDONLY) = 982
37783 close(982)                        = 0
37783 openat(AT_FDCWD, "/proc/self/statm", O_RDONLY) = 982
37783 close(982)                        = 0
37783 openat(AT_FDCWD, "/proc/self/statm", O_RDONLY) = 982
37783 close(982)                        = 0
37783 openat(AT_FDCWD, "/proc/self/statm", O_RDONLY) = 982
37783 close(982)                        = 0
37783 openat(AT_FDCWD, "/proc/self/statm", O_RDONLY) = 982
37783 close(982)                        = 0
37783 openat(AT_FDCWD, "/proc/self/statm", O_RDONLY) = 982
37783 close(982)                        = 0
37783 openat(AT_FDCWD, "/proc/self/statm", O_RDONLY) = 982
37783 close(982)                        = 0
37783 openat(AT_FDCWD, "/proc/self/statm", O_RDONLY) = 982
37783 close(982)                        = 0
37783 openat(AT_FDCWD, "/proc/self/statm", O_RDONLY) = 982
37783 close(982)                        = 0
37783 openat(AT_FDCWD, "/proc/self/statm", O_RDONLY) = 982
37783 close(982)                        = 0
37783 openat(AT_FDCWD, "/proc/self/statm", O_RDONLY) = 982
37783 close(982)                        = 0
37783 openat(AT_FDCWD, "/proc/self/statm", O_RDONLY) = 982
37783 close(982)                        = 0
37783 openat(AT_FDCWD, "/proc/self/statm", O_RDONLY) = 982
37783 close(982)                        = 0
37783 openat(AT_FDCWD, "/proc/self/statm", O_RDONLY) = 982
37783 close(982)                        = 0
37783 openat(AT_FDCWD, "/proc/self/statm", O_RDONLY) = 982
37783 close(982)                        = 0
37783 openat(AT_FDCWD, "/proc/self/statm", O_RDONLY) = 982
37783 close(982)                        = 0
37783 openat(AT_FDCWD, "/proc/self/statm", O_RDONLY) = 982
37783 close(982)                        = 0
37783 openat(AT_FDCWD, "/proc/self/statm", O_RDONLY) = 982
37783 close(982)                        = 0
37783 openat(AT_FDCWD, "/proc/self/statm", O_RDONLY) = 982
37783 close(982)                        = 0
37783 openat(AT_FDCWD, "/proc/self/statm", O_RDONLY) = 982
37783 close(982)                        = 0
37783 openat(AT_FDCWD, "/proc/self/statm", O_RDONLY) = 982
37783 close(982)                        = 0
37783 openat(AT_FDCWD, "/proc/self/statm", O_RDONLY) = 982
37783 close(982)                        = 0
37783 openat(AT_FDCWD, "/proc/self/statm", O_RDONLY) = 982
37783 close(982)                        = 0
37783 openat(AT_FDCWD, "/proc/self/statm", O_RDONLY) = 982
37783 close(982)                        = 0
37783 openat(AT_FDCWD, "/proc/self/statm", O_RDONLY) = 982
37783 close(982)                        = 0
37783 openat(AT_FDCWD, "/proc/self/statm", O_RDONLY) = 982
37783 close(982)                        = 0
37783 openat(AT_FDCWD, "/proc/self/statm", O_RDONLY) = 982
37783 close(982)                        = 0
37783 openat(AT_FDCWD, "/proc/self/statm", O_RDONLY) = 982
37783 close(982)                        = 0
37783 openat(AT_FDCWD, "/proc/self/statm", O_RDONLY) = 982
37783 close(982)                        = 0
37783 openat(AT_FDCWD, "/proc/self/statm", O_RDONLY) = 982
37783 close(982)                        = 0
37783 openat(AT_FDCWD, "/proc/self/statm", O_RDONLY) = 982
37783 close(982)                        = 0
37783 openat(AT_FDCWD, "/proc/self/statm", O_RDONLY) = 982
37783 close(982)                        = 0
37783 openat(AT_FDCWD, "/proc/self/statm", O_RDONLY) = 982
37783 close(982)                        = 0
37783 openat(AT_FDCWD, "/proc/self/statm", O_RDONLY) = 982
37783 close(982)                        = 0
37783 openat(AT_FDCWD, "/proc/self/statm", O_RDONLY) = 982
37783 close(982)                        = 0
37783 openat(AT_FDCWD, "/proc/self/statm", O_RDONLY) = 982
37783 close(982)                        = 0
37783 openat(AT_FDCWD, "/proc/self/statm", O_RDONLY) = 982
37783 close(982)                        = 0
37783 openat(AT_FDCWD, "/proc/self/statm", O_RDONLY) = 982
37783 close(982)                        = 0
37783 openat(AT_FDCWD, "/proc/self/statm", O_RDONLY) = 982
37783 close(982)                        = 0
37783 openat(AT_FDCWD, "/proc/self/statm", O_RDONLY) = 982
37783 close(982)                        = 0
37783 openat(AT_FDCWD, "/proc/self/statm", O_RDONLY) = 982
37783 close(982)                        = 0
37783 openat(AT_FDCWD, "/proc/self/statm", O_RDONLY) = 982
37783 close(982)                        = 0
37783 openat(AT_FDCWD, "/proc/self/statm", O_RDONLY) = 982
37783 close(982)                        = 0
37783 openat(AT_FDCWD, "/proc/self/statm", O_RDONLY) = 982
37783 close(982)                        = 0
37783 openat(AT_FDCWD, "/proc/self/statm", O_RDONLY) = 982
37783 close(982)                        = 0
37783 openat(AT_FDCWD, "/proc/self/statm", O_RDONLY) = 982
37783 close(982)                        = 0
37783 openat(AT_FDCWD, "/proc/self/statm", O_RDONLY) = 982
37783 close(982)                        = 0
37783 openat(AT_FDCWD, "/proc/self/statm", O_RDONLY) = 982
37783 close(982)                        = 0
37783 openat(AT_FDCWD, "/proc/self/statm", O_RDONLY) = 982
37783 close(982)                        = 0
37783 openat(AT_FDCWD, "/proc/self/statm", O_RDONLY) = 982
37783 close(982)                        = 0
37783 openat(AT_FDCWD, "/proc/self/statm", O_RDONLY) = 982
37783 close(982)                        = 0
37783 openat(AT_FDCWD, "/proc/self/statm", O_RDONLY) = 982
37783 close(982)                        = 0
37783 openat(AT_FDCWD, "/proc/self/statm", O_RDONLY) = 982
37783 close(982)                        = 0
37783 openat(AT_FDCWD, "/proc/self/statm", O_RDONLY) = 982
37783 close(982)                        = 0
37783 openat(AT_FDCWD, "/proc/self/statm", O_RDONLY) = 982
37783 close(982)                        = 0
37783 openat(AT_FDCWD, "/proc/self/statm", O_RDONLY) = 982
37783 close(982)                        = 0
37783 openat(AT_FDCWD, "/proc/self/statm", O_RDONLY) = 982
37783 close(982)                        = 0
37783 openat(AT_FDCWD, "/proc/self/statm", O_RDONLY) = 982
37783 close(982)                        = 0
37783 openat(AT_FDCWD, "/proc/self/statm", O_RDONLY) = 982
37783 close(982)                        = 0
37783 openat(AT_FDCWD, "/proc/self/statm", O_RDONLY) = 982
37783 close(982)                        = 0
37783 openat(AT_FDCWD, "/proc/self/statm", O_RDONLY) = 982
37783 close(982)                        = 0
37783 openat(AT_FDCWD, "/proc/self/statm", O_RDONLY) = 982
37783 close(982)                        = 0
37783 openat(AT_FDCWD, "/proc/self/statm", O_RDONLY) = 982
37783 close(982)                        = 0
37783 openat(AT_FDCWD, "/proc/self/statm", O_RDONLY) = 982
37783 close(982)                        = 0
37783 openat(AT_FDCWD, "/proc/self/statm", O_RDONLY) = 982
37783 close(982)                        = 0
37783 openat(AT_FDCWD, "/proc/self/statm", O_RDONLY) = 982
37783 close(982)                        = 0
37783 openat(AT_FDCWD, "/proc/self/statm", O_RDONLY) = 982
37783 close(982)                        = 0
37783 openat(AT_FDCWD, "/proc/self/statm", O_RDONLY) = 982
37783 close(982)                        = 0
37783 openat(AT_FDCWD, "/proc/self/statm", O_RDONLY) = 982
37783 close(982)                        = 0
37783 openat(AT_FDCWD, "/proc/self/statm", O_RDONLY) = 982
37783 close(982)                        = 0
37783 openat(AT_FDCWD, "/proc/self/statm", O_RDONLY) = 982
37783 close(982)                        = 0
37783 openat(AT_FDCWD, "/proc/self/statm", O_RDONLY) = 982
37783 close(982)                        = 0
37783 openat(AT_FDCWD, "/proc/self/statm", O_RDONLY) = 982
37783 close(982)                        = 0
37783 openat(AT_FDCWD, "/proc/self/statm", O_RDONLY) = 982
37783 close(982)                        = 0
37783 openat(AT_FDCWD, "/proc/self/statm", O_RDONLY) = 982
37783 close(982)                        = 0
37783 openat(AT_FDCWD, "/proc/self/statm", O_RDONLY) = 982
37783 close(982)                        = 0
37783 openat(AT_FDCWD, "/proc/self/statm", O_RDONLY) = 982
37783 close(982)                        = 0
37783 openat(AT_FDCWD, "/proc/self/statm", O_RDONLY) = 982
37783 close(982)                        = 0
37783 openat(AT_FDCWD, "/proc/self/statm", O_RDONLY) = 982
37783 close(982)                        = 0
37783 openat(AT_FDCWD, "/proc/self/statm", O_RDONLY) = 982
37783 close(982)                        = 0
37783 openat(AT_FDCWD, "/proc/self/statm", O_RDONLY) = 982
37783 close(982)                        = 0
37783 openat(AT_FDCWD, "/proc/self/statm", O_RDONLY) = 982
37783 close(982)                        = 0
37783 openat(AT_FDCWD, "/proc/self/statm", O_RDONLY) = 982
37783 close(982)                        = 0
37783 openat(AT_FDCWD, "/proc/self/statm", O_RDONLY) = 982
37783 close(982)                        = 0
37783 openat(AT_FDCWD, "/proc/self/statm", O_RDONLY) = 982
37783 close(982)                        = 0
37783 openat(AT_FDCWD, "/proc/self/statm", O_RDONLY) = 982
37783 close(982)                        = 0
37783 openat(AT_FDCWD, "/proc/self/statm", O_RDONLY) = 982
37783 close(982)                        = 0
37783 openat(AT_FDCWD, "/proc/self/statm", O_RDONLY) = 982
37783 close(982)                        = 0
37783 openat(AT_FDCWD, "/proc/self/statm", O_RDONLY) = 982
37783 close(982)                        = 0
37783 openat(AT_FDCWD, "/proc/self/statm", O_RDONLY) = 982
37783 close(982)                        = 0
37783 openat(AT_FDCWD, "/proc/self/statm", O_RDONLY) = 982
37783 close(982)                        = 0
37783 openat(AT_FDCWD, "/proc/self/statm", O_RDONLY) = 982
37783 close(982)                        = 0
37783 openat(AT_FDCWD, "/proc/self/statm", O_RDONLY) = 982
37783 close(982)                        = 0
37783 openat(AT_FDCWD, "/proc/self/statm", O_RDONLY) = 982
37783 close(982)                        = 0
37783 openat(AT_FDCWD, "/proc/self/statm", O_RDONLY) = 982
37783 close(982)                        = 0
37783 openat(AT_FDCWD, "/proc/self/statm", O_RDONLY) = 982
37783 close(982)                        = 0
37783 openat(AT_FDCWD, "/proc/self/statm", O_RDONLY) = 982
37783 close(982)                        = 0
37783 openat(AT_FDCWD, "/proc/self/statm", O_RDONLY) = 982
37783 close(982)                        = 0
37783 openat(AT_FDCWD, "/proc/self/statm", O_RDONLY) = 982
37783 close(982)                        = 0
37783 openat(AT_FDCWD, "/proc/self/statm", O_RDONLY) = 982
37783 close(982)                        = 0
37783 openat(AT_FDCWD, "/proc/self/statm", O_RDONLY) = 982
37783 close(982)                        = 0
37783 openat(AT_FDCWD, "/proc/self/statm", O_RDONLY) = 982
37783 close(982)                        = 0
37783 openat(AT_FDCWD, "/proc/self/statm", O_RDONLY) = 982
37783 close(982)                        = 0
37783 openat(AT_FDCWD, "/proc/self/statm", O_RDONLY) = 982
37783 close(982)                        = 0
37783 openat(AT_FDCWD, "/proc/self/statm", O_RDONLY) = 982
37783 close(982)                        = 0
37783 openat(AT_FDCWD, "/proc/self/statm", O_RDONLY) = 982
37783 close(982)                        = 0
37782 --- SIGINT {si_signo=SIGINT, si_code=SI_KERNEL} ---
37793 +++ killed by SIGINT +++
37790 +++ killed by SIGINT +++
37788 +++ killed by SIGINT +++
37789 +++ killed by SIGINT +++
37786 +++ killed by SIGINT +++
37791 +++ killed by SIGINT +++
37785 +++ killed by SIGINT +++
37784 +++ killed by SIGINT +++
37783 +++ killed by SIGINT +++
37787 +++ killed by SIGINT +++
37782 +++ killed by SIGINT +++
